{
"type": "FeatureCollection",
"name": "tracks",
"features": [
{ "type": "Feature", "properties": { "name": "SykkelVIKU: Grønn sti, Strutsberg, Trolldalen", "type": "mountain_biking" }, "geometry": { "type": "LineString", "coordinates": [ [ 10.281749, 61.558045 ], [ 10.281749, 61.558045 ], [ 10.281749, 61.558045 ], [ 10.281795, 61.558046 ], [ 10.281777, 61.558027 ], [ 10.281721, 61.558008 ], [ 10.281692, 61.558006 ], [ 10.281688, 61.558002 ], [ 10.281642, 61.55802 ], [ 10.28161, 61.558063 ], [ 10.281641, 61.558098 ], [ 10.281662, 61.558105 ], [ 10.281687, 61.558108 ], [ 10.281709, 61.558107 ], [ 10.281737, 61.558106 ], [ 10.281766, 61.558105 ], [ 10.28179, 61.558102 ], [ 10.281831, 61.558099 ], [ 10.281839, 61.558102 ], [ 10.281851, 61.558107 ], [ 10.281876, 61.558111 ], [ 10.281903, 61.558111 ], [ 10.281928, 61.558104 ], [ 10.281946, 61.558097 ], [ 10.281958, 61.558094 ], [ 10.281965, 61.558091 ], [ 10.281958, 61.55809 ], [ 10.281958, 61.55809 ], [ 10.281958, 61.55809 ], [ 10.281958, 61.55809 ], [ 10.281958, 61.55809 ], [ 10.281958, 61.55809 ], [ 10.282013, 61.558085 ], [ 10.282021, 61.558079 ], [ 10.282021, 61.558079 ], [ 10.282021, 61.558079 ], [ 10.282021, 61.558079 ], [ 10.282021, 61.558079 ], [ 10.282003, 61.558071 ], [ 10.282007, 61.558066 ], [ 10.282019, 61.55806 ], [ 10.282029, 61.558056 ], [ 10.28205, 61.558049 ], [ 10.28207, 61.558041 ], [ 10.282093, 61.557995 ], [ 10.282098, 61.557979 ], [ 10.282102, 61.557959 ], [ 10.282095, 61.557923 ], [ 10.282083, 61.557913 ], [ 10.282073, 61.557908 ], [ 10.282051, 61.557903 ], [ 10.282021, 61.5579 ], [ 10.281789, 61.557881 ], [ 10.281498, 61.557874 ], [ 10.281407, 61.557873 ], [ 10.281145, 61.557864 ], [ 10.281063, 61.55786 ], [ 10.280982, 61.557859 ], [ 10.280826, 61.557859 ], [ 10.280747, 61.557858 ], [ 10.280671, 61.55786 ], [ 10.280594, 61.55786 ], [ 10.28052, 61.557858 ], [ 10.280448, 61.557856 ], [ 10.280294, 61.557858 ], [ 10.280223, 61.557861 ], [ 10.280151, 61.557863 ], [ 10.280077, 61.557864 ], [ 10.280009, 61.557866 ], [ 10.279938, 61.557867 ], [ 10.279722, 61.557868 ], [ 10.279094, 61.557871 ], [ 10.278861, 61.557873 ], [ 10.278474, 61.557869 ], [ 10.278212, 61.557869 ], [ 10.27808, 61.557871 ], [ 10.277953, 61.557871 ], [ 10.27783, 61.557872 ], [ 10.277713, 61.557873 ], [ 10.2776, 61.557875 ], [ 10.277496, 61.557876 ], [ 10.277389, 61.557879 ], [ 10.277289, 61.557886 ], [ 10.277195, 61.557895 ], [ 10.277104, 61.557908 ], [ 10.276774, 61.557955 ], [ 10.276524, 61.558005 ], [ 10.276249, 61.558066 ], [ 10.2761, 61.558098 ], [ 10.275952, 61.558133 ], [ 10.275641, 61.558208 ], [ 10.275302, 61.55829 ], [ 10.275125, 61.558333 ], [ 10.27494, 61.558376 ], [ 10.274742, 61.558424 ], [ 10.274537, 61.558475 ], [ 10.274324, 61.558524 ], [ 10.274108, 61.558572 ], [ 10.273657, 61.558653 ], [ 10.273181, 61.55872 ], [ 10.272935, 61.558749 ], [ 10.272682, 61.558777 ], [ 10.272425, 61.558804 ], [ 10.272166, 61.558833 ], [ 10.271904, 61.55886 ], [ 10.271629, 61.558888 ], [ 10.27135, 61.558908 ], [ 10.271069, 61.558917 ], [ 10.270783, 61.55891 ], [ 10.27049, 61.558888 ], [ 10.2702, 61.558853 ], [ 10.269909, 61.55882 ], [ 10.269295, 61.558786 ], [ 10.268992, 61.558778 ], [ 10.268687, 61.558774 ], [ 10.268381, 61.55877 ], [ 10.268092, 61.558765 ], [ 10.267845, 61.558766 ], [ 10.267612, 61.558761 ], [ 10.267377, 61.558759 ], [ 10.267156, 61.558768 ], [ 10.266935, 61.558762 ], [ 10.266717, 61.558751 ], [ 10.266519, 61.558742 ], [ 10.266346, 61.558731 ], [ 10.266201, 61.558708 ], [ 10.266112, 61.558672 ], [ 10.266065, 61.558619 ], [ 10.266099, 61.558498 ], [ 10.266114, 61.558441 ], [ 10.266127, 61.558383 ], [ 10.266155, 61.558261 ], [ 10.266177, 61.558202 ], [ 10.266185, 61.558153 ], [ 10.266187, 61.558113 ], [ 10.266176, 61.55808 ], [ 10.266162, 61.55805 ], [ 10.266156, 61.558019 ], [ 10.266182, 61.557989 ], [ 10.266224, 61.557959 ], [ 10.266262, 61.557924 ], [ 10.266286, 61.557887 ], [ 10.266375, 61.557699 ], [ 10.266418, 61.557545 ], [ 10.266414, 61.557493 ], [ 10.266371, 61.557393 ], [ 10.266204, 61.557191 ], [ 10.266103, 61.557089 ], [ 10.266004, 61.556988 ], [ 10.265951, 61.55694 ], [ 10.265901, 61.556895 ], [ 10.265849, 61.556852 ], [ 10.2658, 61.556812 ], [ 10.265753, 61.55677 ], [ 10.265696, 61.556733 ], [ 10.265566, 61.556656 ], [ 10.265488, 61.55662 ], [ 10.265241, 61.556511 ], [ 10.265176, 61.556475 ], [ 10.265124, 61.556436 ], [ 10.26508, 61.556398 ], [ 10.265009, 61.556314 ], [ 10.264991, 61.55627 ], [ 10.26498, 61.55623 ], [ 10.26497, 61.556192 ], [ 10.26496, 61.556155 ], [ 10.264955, 61.556119 ], [ 10.264954, 61.556013 ], [ 10.264951, 61.555941 ], [ 10.26495, 61.555905 ], [ 10.264948, 61.555866 ], [ 10.264944, 61.555832 ], [ 10.264943, 61.555797 ], [ 10.264941, 61.555762 ], [ 10.264936, 61.555728 ], [ 10.264928, 61.555698 ], [ 10.264922, 61.55567 ], [ 10.264919, 61.555642 ], [ 10.264918, 61.555617 ], [ 10.264915, 61.555589 ], [ 10.264909, 61.555563 ], [ 10.264905, 61.555535 ], [ 10.264902, 61.555508 ], [ 10.264898, 61.555482 ], [ 10.264892, 61.555453 ], [ 10.264885, 61.555424 ], [ 10.264875, 61.555397 ], [ 10.264865, 61.555371 ], [ 10.264851, 61.555347 ], [ 10.264845, 61.555324 ], [ 10.264844, 61.555301 ], [ 10.26484, 61.555277 ], [ 10.264833, 61.555254 ], [ 10.264826, 61.555232 ], [ 10.264819, 61.555209 ], [ 10.264818, 61.555185 ], [ 10.26481, 61.55516 ], [ 10.264806, 61.555135 ], [ 10.264805, 61.555109 ], [ 10.264806, 61.555084 ], [ 10.264806, 61.555055 ], [ 10.264813, 61.55503 ], [ 10.264818, 61.555005 ], [ 10.264823, 61.554983 ], [ 10.264825, 61.55496 ], [ 10.264833, 61.554938 ], [ 10.264841, 61.554915 ], [ 10.26485, 61.554893 ], [ 10.264859, 61.55487 ], [ 10.264864, 61.55485 ], [ 10.264865, 61.554829 ], [ 10.264874, 61.554808 ], [ 10.26488, 61.554784 ], [ 10.264881, 61.554762 ], [ 10.264878, 61.554739 ], [ 10.264872, 61.554716 ], [ 10.264872, 61.554696 ], [ 10.264876, 61.554676 ], [ 10.264877, 61.554657 ], [ 10.264873, 61.554639 ], [ 10.264868, 61.554619 ], [ 10.264856, 61.554601 ], [ 10.264848, 61.554579 ], [ 10.26484, 61.554559 ], [ 10.264833, 61.554536 ], [ 10.264827, 61.55451 ], [ 10.264821, 61.554482 ], [ 10.26481, 61.554451 ], [ 10.2648, 61.554418 ], [ 10.264786, 61.554386 ], [ 10.264773, 61.554352 ], [ 10.264762, 61.55432 ], [ 10.264745, 61.554289 ], [ 10.264724, 61.554257 ], [ 10.2647, 61.554226 ], [ 10.264676, 61.554196 ], [ 10.264651, 61.554169 ], [ 10.264626, 61.554144 ], [ 10.264604, 61.554119 ], [ 10.264583, 61.554096 ], [ 10.26456, 61.554072 ], [ 10.264534, 61.554046 ], [ 10.264504, 61.554018 ], [ 10.264468, 61.553989 ], [ 10.264425, 61.553959 ], [ 10.26438, 61.553928 ], [ 10.264332, 61.553898 ], [ 10.264274, 61.553868 ], [ 10.264202, 61.553842 ], [ 10.264135, 61.553821 ], [ 10.264065, 61.553804 ], [ 10.26399, 61.553788 ], [ 10.263927, 61.553769 ], [ 10.263872, 61.553749 ], [ 10.263826, 61.553733 ], [ 10.263778, 61.553712 ], [ 10.263734, 61.553692 ], [ 10.263696, 61.553673 ], [ 10.26367, 61.553653 ], [ 10.263645, 61.553633 ], [ 10.263622, 61.553612 ], [ 10.2636, 61.553591 ], [ 10.263577, 61.553571 ], [ 10.263558, 61.553551 ], [ 10.263536, 61.553534 ], [ 10.263516, 61.553516 ], [ 10.263494, 61.553497 ], [ 10.263477, 61.553478 ], [ 10.263454, 61.55346 ], [ 10.263433, 61.553441 ], [ 10.263411, 61.553422 ], [ 10.263389, 61.553404 ], [ 10.263369, 61.553385 ], [ 10.263353, 61.553369 ], [ 10.263337, 61.553349 ], [ 10.263322, 61.553333 ], [ 10.26331, 61.553317 ], [ 10.263299, 61.553302 ], [ 10.26328, 61.553284 ], [ 10.263259, 61.553271 ], [ 10.263243, 61.553257 ], [ 10.263231, 61.55324 ], [ 10.263212, 61.553223 ], [ 10.263192, 61.553207 ], [ 10.263166, 61.55319 ], [ 10.263138, 61.553174 ], [ 10.263124, 61.553157 ], [ 10.263105, 61.55314 ], [ 10.263087, 61.553122 ], [ 10.263071, 61.553102 ], [ 10.263057, 61.553082 ], [ 10.263041, 61.553062 ], [ 10.263024, 61.553043 ], [ 10.26301, 61.553019 ], [ 10.262997, 61.552996 ], [ 10.262981, 61.552972 ], [ 10.262968, 61.552952 ], [ 10.262954, 61.552932 ], [ 10.262945, 61.552912 ], [ 10.262938, 61.552892 ], [ 10.262933, 61.552873 ], [ 10.262927, 61.552855 ], [ 10.262919, 61.552837 ], [ 10.262911, 61.552815 ], [ 10.262906, 61.552795 ], [ 10.262904, 61.552778 ], [ 10.262905, 61.552759 ], [ 10.262901, 61.552742 ], [ 10.262897, 61.552724 ], [ 10.262895, 61.552707 ], [ 10.262891, 61.552692 ], [ 10.262892, 61.552676 ], [ 10.262893, 61.552659 ], [ 10.262896, 61.552646 ], [ 10.2629, 61.552631 ], [ 10.262898, 61.552617 ], [ 10.262896, 61.552603 ], [ 10.262893, 61.552593 ], [ 10.262896, 61.552588 ], [ 10.262894, 61.552591 ], [ 10.262894, 61.552591 ], [ 10.262894, 61.552591 ], [ 10.262894, 61.552591 ], [ 10.262894, 61.552591 ], [ 10.262914, 61.552551 ], [ 10.262913, 61.552545 ], [ 10.262911, 61.55254 ], [ 10.262913, 61.55254 ], [ 10.262913, 61.55254 ], [ 10.262913, 61.55254 ], [ 10.262913, 61.55254 ], [ 10.262913, 61.55254 ], [ 10.262914, 61.552537 ], [ 10.262921, 61.552529 ], [ 10.262924, 61.552524 ], [ 10.262921, 61.552519 ], [ 10.262912, 61.552515 ], [ 10.2629, 61.552514 ], [ 10.262804, 61.552521 ], [ 10.262639, 61.552501 ], [ 10.262565, 61.552476 ], [ 10.262485, 61.552438 ], [ 10.262447, 61.552391 ], [ 10.262441, 61.552357 ], [ 10.262394, 61.552315 ], [ 10.262327, 61.552308 ], [ 10.262255, 61.552312 ], [ 10.262195, 61.552296 ], [ 10.262174, 61.552273 ], [ 10.262178, 61.552245 ], [ 10.262174, 61.552212 ], [ 10.262123, 61.552144 ], [ 10.262097, 61.552106 ], [ 10.262041, 61.552081 ], [ 10.261987, 61.552075 ], [ 10.261926, 61.552062 ], [ 10.261788, 61.552027 ], [ 10.26166, 61.551981 ], [ 10.261601, 61.551967 ], [ 10.261542, 61.551972 ], [ 10.261491, 61.551973 ], [ 10.261434, 61.551954 ], [ 10.261307, 61.551905 ], [ 10.261218, 61.551877 ], [ 10.261116, 61.551855 ], [ 10.261012, 61.551838 ], [ 10.260937, 61.551832 ], [ 10.260868, 61.551838 ], [ 10.260796, 61.551842 ], [ 10.260745, 61.551856 ], [ 10.260699, 61.551867 ], [ 10.26065, 61.551873 ], [ 10.260602, 61.551872 ], [ 10.260491, 61.551868 ], [ 10.260433, 61.551853 ], [ 10.260386, 61.551832 ], [ 10.260331, 61.551819 ], [ 10.26027, 61.551799 ], [ 10.260233, 61.55177 ], [ 10.260182, 61.551745 ], [ 10.260129, 61.551726 ], [ 10.260026, 61.551682 ], [ 10.259977, 61.55167 ], [ 10.259922, 61.551665 ], [ 10.259853, 61.551656 ], [ 10.259641, 61.551644 ], [ 10.259494, 61.55162 ], [ 10.25944, 61.551602 ], [ 10.259384, 61.551586 ], [ 10.259339, 61.551565 ], [ 10.25931, 61.551537 ], [ 10.259273, 61.551526 ], [ 10.259227, 61.551515 ], [ 10.259098, 61.551496 ], [ 10.259043, 61.551495 ], [ 10.258992, 61.551478 ], [ 10.258847, 61.551466 ], [ 10.258757, 61.55145 ], [ 10.258669, 61.551432 ], [ 10.258559, 61.55142 ], [ 10.258463, 61.551412 ], [ 10.258381, 61.551399 ], [ 10.258292, 61.551384 ], [ 10.258212, 61.551361 ], [ 10.25814, 61.551336 ], [ 10.258076, 61.55133 ], [ 10.257921, 61.551311 ], [ 10.257858, 61.551288 ], [ 10.257706, 61.551237 ], [ 10.257648, 61.551206 ], [ 10.257568, 61.551185 ], [ 10.257508, 61.551155 ], [ 10.257459, 61.551121 ], [ 10.257381, 61.551093 ], [ 10.257301, 61.551076 ], [ 10.257237, 61.55105 ], [ 10.257179, 61.55103 ], [ 10.257121, 61.551007 ], [ 10.257054, 61.550994 ], [ 10.256982, 61.550991 ], [ 10.256923, 61.550984 ], [ 10.256862, 61.550978 ], [ 10.256805, 61.55097 ], [ 10.25676, 61.550954 ], [ 10.256703, 61.550939 ], [ 10.25665, 61.550929 ], [ 10.256609, 61.550915 ], [ 10.256565, 61.550905 ], [ 10.256529, 61.550895 ], [ 10.256495, 61.550887 ], [ 10.256411, 61.550867 ], [ 10.256241, 61.550828 ], [ 10.256186, 61.550817 ], [ 10.256142, 61.550806 ], [ 10.256097, 61.5508 ], [ 10.256056, 61.550794 ], [ 10.256023, 61.55078 ], [ 10.255981, 61.550766 ], [ 10.255947, 61.550755 ], [ 10.255916, 61.550747 ], [ 10.255824, 61.550712 ], [ 10.255784, 61.550702 ], [ 10.255712, 61.55068 ], [ 10.255633, 61.550639 ], [ 10.255579, 61.550617 ], [ 10.255557, 61.550602 ], [ 10.255494, 61.550553 ], [ 10.255476, 61.55054 ], [ 10.255456, 61.550527 ], [ 10.255426, 61.550505 ], [ 10.255396, 61.550473 ], [ 10.255324, 61.550421 ], [ 10.255295, 61.550405 ], [ 10.255284, 61.550391 ], [ 10.25527, 61.550377 ], [ 10.255243, 61.550349 ], [ 10.255209, 61.550314 ], [ 10.255182, 61.550302 ], [ 10.255165, 61.550291 ], [ 10.255097, 61.550253 ], [ 10.255077, 61.550243 ], [ 10.25505, 61.550232 ], [ 10.255026, 61.55022 ], [ 10.255004, 61.550208 ], [ 10.25498, 61.550194 ], [ 10.254956, 61.550182 ], [ 10.254921, 61.550173 ], [ 10.254894, 61.550162 ], [ 10.25487, 61.550144 ], [ 10.254839, 61.550122 ], [ 10.254789, 61.55009 ], [ 10.254762, 61.550076 ], [ 10.254736, 61.550068 ], [ 10.2547, 61.55006 ], [ 10.254672, 61.550051 ], [ 10.254643, 61.550041 ], [ 10.254603, 61.550015 ], [ 10.254582, 61.550001 ], [ 10.254553, 61.54999 ], [ 10.254528, 61.549984 ], [ 10.254517, 61.54998 ], [ 10.254506, 61.54997 ], [ 10.254504, 61.54996 ], [ 10.254495, 61.549952 ], [ 10.254493, 61.549943 ], [ 10.254497, 61.549938 ], [ 10.254497, 61.549938 ], [ 10.2545, 61.549939 ], [ 10.254508, 61.549929 ], [ 10.254499, 61.549917 ], [ 10.254456, 61.549892 ], [ 10.254366, 61.549838 ], [ 10.254352, 61.549825 ], [ 10.254337, 61.54981 ], [ 10.254321, 61.549798 ], [ 10.254275, 61.549774 ], [ 10.254257, 61.549762 ], [ 10.254208, 61.54974 ], [ 10.254057, 61.549647 ], [ 10.254041, 61.549626 ], [ 10.253931, 61.549529 ], [ 10.253899, 61.549506 ], [ 10.253867, 61.549478 ], [ 10.253711, 61.54936 ], [ 10.253681, 61.549337 ], [ 10.253645, 61.549322 ], [ 10.253624, 61.549305 ], [ 10.253602, 61.549288 ], [ 10.253569, 61.549255 ], [ 10.253534, 61.549231 ], [ 10.2534, 61.549175 ], [ 10.253315, 61.549133 ], [ 10.253232, 61.549092 ], [ 10.253128, 61.549063 ], [ 10.253084, 61.549049 ], [ 10.25304, 61.549032 ], [ 10.253008, 61.549017 ], [ 10.252975, 61.548996 ], [ 10.252949, 61.54898 ], [ 10.252912, 61.548963 ], [ 10.252882, 61.54895 ], [ 10.252804, 61.548921 ], [ 10.252554, 61.548838 ], [ 10.252518, 61.548816 ], [ 10.252363, 61.548723 ], [ 10.252313, 61.548703 ], [ 10.252259, 61.548682 ], [ 10.252212, 61.548661 ], [ 10.252166, 61.54864 ], [ 10.252131, 61.54862 ], [ 10.25212, 61.548611 ], [ 10.252115, 61.548603 ], [ 10.252107, 61.548599 ], [ 10.252062, 61.548572 ], [ 10.25203, 61.548562 ], [ 10.251999, 61.548547 ], [ 10.251873, 61.548485 ], [ 10.251843, 61.548474 ], [ 10.251764, 61.54845 ], [ 10.251729, 61.548432 ], [ 10.251688, 61.548417 ], [ 10.251656, 61.5484 ], [ 10.251634, 61.548377 ], [ 10.25161, 61.548357 ], [ 10.251592, 61.548335 ], [ 10.251575, 61.548312 ], [ 10.251539, 61.54829 ], [ 10.251505, 61.54826 ], [ 10.251386, 61.54815 ], [ 10.251293, 61.548065 ], [ 10.251237, 61.548023 ], [ 10.251183, 61.547983 ], [ 10.251139, 61.547938 ], [ 10.251089, 61.547894 ], [ 10.250999, 61.547798 ], [ 10.250952, 61.547752 ], [ 10.250887, 61.547701 ], [ 10.250828, 61.547647 ], [ 10.250758, 61.547599 ], [ 10.250709, 61.547557 ], [ 10.250665, 61.547509 ], [ 10.25064, 61.547449 ], [ 10.250602, 61.547392 ], [ 10.250544, 61.547338 ], [ 10.25049, 61.54728 ], [ 10.250458, 61.547221 ], [ 10.250404, 61.547167 ], [ 10.250334, 61.547117 ], [ 10.25028, 61.547065 ], [ 10.250219, 61.547011 ], [ 10.250163, 61.546958 ], [ 10.250022, 61.546859 ], [ 10.249976, 61.546806 ], [ 10.24994, 61.546749 ], [ 10.249851, 61.546629 ], [ 10.249789, 61.546568 ], [ 10.249743, 61.54651 ], [ 10.24967, 61.546456 ], [ 10.249596, 61.546407 ], [ 10.249529, 61.546363 ], [ 10.249485, 61.546324 ], [ 10.249464, 61.546283 ], [ 10.249454, 61.546245 ], [ 10.249407, 61.54617 ], [ 10.249372, 61.546132 ], [ 10.24934, 61.546096 ], [ 10.249319, 61.546064 ], [ 10.249253, 61.546 ], [ 10.249109, 61.545899 ], [ 10.249059, 61.54585 ], [ 10.249001, 61.545798 ], [ 10.248968, 61.545751 ], [ 10.248951, 61.545707 ], [ 10.248911, 61.545672 ], [ 10.248822, 61.545599 ], [ 10.248715, 61.545526 ], [ 10.248681, 61.545484 ], [ 10.248623, 61.545438 ], [ 10.248555, 61.54539 ], [ 10.248518, 61.545334 ], [ 10.248442, 61.545218 ], [ 10.248386, 61.545103 ], [ 10.248353, 61.545042 ], [ 10.248283, 61.544927 ], [ 10.248259, 61.544869 ], [ 10.248235, 61.544819 ], [ 10.248221, 61.544765 ], [ 10.248196, 61.54471 ], [ 10.248155, 61.544661 ], [ 10.248119, 61.544615 ], [ 10.248082, 61.544572 ], [ 10.248044, 61.544538 ], [ 10.248003, 61.544502 ], [ 10.247917, 61.544436 ], [ 10.247895, 61.544401 ], [ 10.247868, 61.54436 ], [ 10.247823, 61.544326 ], [ 10.247683, 61.544194 ], [ 10.247645, 61.544159 ], [ 10.247615, 61.544122 ], [ 10.24759, 61.544097 ], [ 10.247562, 61.544077 ], [ 10.247518, 61.544053 ], [ 10.247476, 61.544041 ], [ 10.247432, 61.544034 ], [ 10.247382, 61.544028 ], [ 10.247327, 61.544025 ], [ 10.247268, 61.544015 ], [ 10.247211, 61.543999 ], [ 10.247146, 61.543984 ], [ 10.247093, 61.54397 ], [ 10.247046, 61.543953 ], [ 10.246938, 61.54392 ], [ 10.246827, 61.5439 ], [ 10.246769, 61.543891 ], [ 10.246568, 61.543874 ], [ 10.246496, 61.543867 ], [ 10.2462, 61.543821 ], [ 10.245946, 61.543786 ], [ 10.245689, 61.543754 ], [ 10.245609, 61.543749 ], [ 10.245435, 61.543737 ], [ 10.245171, 61.543687 ], [ 10.245103, 61.543675 ], [ 10.245019, 61.543669 ], [ 10.244925, 61.543658 ], [ 10.244704, 61.543633 ], [ 10.244463, 61.54361 ], [ 10.244331, 61.543607 ], [ 10.244187, 61.543619 ], [ 10.243892, 61.543626 ], [ 10.243749, 61.543611 ], [ 10.243622, 61.543587 ], [ 10.243511, 61.543568 ], [ 10.243405, 61.543553 ], [ 10.243295, 61.543547 ], [ 10.243191, 61.543548 ], [ 10.242847, 61.54353 ], [ 10.242739, 61.543525 ], [ 10.242631, 61.543519 ], [ 10.242518, 61.543511 ], [ 10.242406, 61.543505 ], [ 10.241927, 61.543477 ], [ 10.24181, 61.543473 ], [ 10.241697, 61.543478 ], [ 10.241593, 61.54348 ], [ 10.241501, 61.543473 ], [ 10.241406, 61.543468 ], [ 10.241324, 61.543464 ], [ 10.241239, 61.543466 ], [ 10.24116, 61.543472 ], [ 10.240969, 61.543477 ], [ 10.240752, 61.543476 ], [ 10.240646, 61.543476 ], [ 10.240538, 61.543474 ], [ 10.240313, 61.543481 ], [ 10.240216, 61.543479 ], [ 10.240142, 61.543474 ], [ 10.239987, 61.543463 ], [ 10.239672, 61.543463 ], [ 10.239545, 61.543463 ], [ 10.239438, 61.543459 ], [ 10.23935, 61.543452 ], [ 10.239262, 61.543449 ], [ 10.239174, 61.54345 ], [ 10.239085, 61.543457 ], [ 10.239006, 61.543462 ], [ 10.238941, 61.543461 ], [ 10.23887, 61.543458 ], [ 10.238798, 61.543457 ], [ 10.238467, 61.543454 ], [ 10.238385, 61.543446 ], [ 10.2383, 61.543439 ], [ 10.238212, 61.543438 ], [ 10.238048, 61.543457 ], [ 10.237951, 61.543462 ], [ 10.237541, 61.543492 ], [ 10.237434, 61.543493 ], [ 10.237018, 61.543488 ], [ 10.236921, 61.54349 ], [ 10.236834, 61.54349 ], [ 10.236755, 61.543493 ], [ 10.236686, 61.543482 ], [ 10.236612, 61.543473 ], [ 10.236554, 61.543473 ], [ 10.236492, 61.543475 ], [ 10.23644, 61.543475 ], [ 10.236338, 61.54348 ], [ 10.236156, 61.543482 ], [ 10.236104, 61.543484 ], [ 10.236045, 61.543486 ], [ 10.235835, 61.543494 ], [ 10.235773, 61.543498 ], [ 10.235715, 61.543501 ], [ 10.235656, 61.543501 ], [ 10.235532, 61.543498 ], [ 10.235422, 61.543505 ], [ 10.235367, 61.543503 ], [ 10.235316, 61.543501 ], [ 10.235264, 61.543497 ], [ 10.235152, 61.543484 ], [ 10.2351, 61.543482 ], [ 10.235053, 61.543476 ], [ 10.234749, 61.543458 ], [ 10.23455, 61.543451 ], [ 10.234481, 61.543451 ], [ 10.234419, 61.543452 ], [ 10.234346, 61.543447 ], [ 10.234099, 61.543435 ], [ 10.234014, 61.543431 ], [ 10.233933, 61.543433 ], [ 10.233865, 61.543429 ], [ 10.233802, 61.543429 ], [ 10.233658, 61.543428 ], [ 10.233501, 61.54342 ], [ 10.233334, 61.54342 ], [ 10.233261, 61.543416 ], [ 10.23319, 61.543412 ], [ 10.233137, 61.543408 ], [ 10.233098, 61.543399 ], [ 10.233006, 61.543382 ], [ 10.232966, 61.543378 ], [ 10.232867, 61.543371 ], [ 10.232823, 61.543361 ], [ 10.232733, 61.543352 ], [ 10.23268, 61.543346 ], [ 10.232618, 61.543344 ], [ 10.232566, 61.54334 ], [ 10.232517, 61.543337 ], [ 10.232474, 61.543333 ], [ 10.232435, 61.543334 ], [ 10.232401, 61.543337 ], [ 10.232362, 61.543337 ], [ 10.232332, 61.543339 ], [ 10.232285, 61.54334 ], [ 10.232198, 61.543329 ], [ 10.232168, 61.543319 ], [ 10.23213, 61.543313 ], [ 10.232088, 61.54331 ], [ 10.231971, 61.543304 ], [ 10.231858, 61.5433 ], [ 10.231809, 61.543296 ], [ 10.231763, 61.543286 ], [ 10.231717, 61.543279 ], [ 10.231681, 61.54327 ], [ 10.231643, 61.543265 ], [ 10.231619, 61.543259 ], [ 10.231584, 61.543255 ], [ 10.231548, 61.543255 ], [ 10.23151, 61.543257 ], [ 10.231482, 61.543259 ], [ 10.231468, 61.54326 ], [ 10.231473, 61.543257 ], [ 10.231474, 61.543259 ], [ 10.231439, 61.543258 ], [ 10.231394, 61.543256 ], [ 10.231377, 61.543256 ], [ 10.231371, 61.543257 ], [ 10.23137, 61.543256 ], [ 10.23137, 61.543256 ], [ 10.231369, 61.543256 ], [ 10.231344, 61.543253 ], [ 10.231332, 61.543249 ], [ 10.231314, 61.543245 ], [ 10.231307, 61.543242 ], [ 10.231302, 61.543239 ], [ 10.231298, 61.543233 ], [ 10.231296, 61.543227 ], [ 10.231289, 61.543224 ], [ 10.231286, 61.543224 ], [ 10.231285, 61.543221 ], [ 10.231285, 61.543221 ], [ 10.231285, 61.543221 ], [ 10.231285, 61.543221 ], [ 10.231285, 61.543221 ], [ 10.231285, 61.543221 ], [ 10.231279, 61.543216 ], [ 10.23128, 61.543208 ], [ 10.231255, 61.543212 ], [ 10.231158, 61.543205 ], [ 10.230979, 61.543194 ], [ 10.230934, 61.543188 ], [ 10.230898, 61.543185 ], [ 10.230855, 61.543188 ], [ 10.230817, 61.543194 ], [ 10.230736, 61.543192 ], [ 10.230695, 61.543192 ], [ 10.230436, 61.543177 ], [ 10.230341, 61.543174 ], [ 10.230141, 61.543157 ], [ 10.230053, 61.543148 ], [ 10.229978, 61.543138 ], [ 10.229931, 61.543133 ], [ 10.229902, 61.543125 ], [ 10.229862, 61.54312 ], [ 10.229828, 61.543115 ], [ 10.229802, 61.543113 ], [ 10.229794, 61.543109 ], [ 10.229797, 61.543111 ], [ 10.229796, 61.543111 ], [ 10.229797, 61.543111 ], [ 10.229797, 61.543111 ], [ 10.229797, 61.543111 ], [ 10.229797, 61.543111 ], [ 10.229797, 61.543111 ], [ 10.229798, 61.543111 ], [ 10.229681, 61.543094 ], [ 10.229491, 61.543086 ], [ 10.229329, 61.543073 ], [ 10.22918, 61.543057 ], [ 10.229121, 61.543048 ], [ 10.229079, 61.543038 ], [ 10.229051, 61.543026 ], [ 10.229014, 61.543019 ], [ 10.228973, 61.543013 ], [ 10.228937, 61.543006 ], [ 10.228885, 61.543003 ], [ 10.228835, 61.543003 ], [ 10.228735, 61.542993 ], [ 10.228691, 61.54299 ], [ 10.228569, 61.542979 ], [ 10.228439, 61.542954 ], [ 10.228218, 61.542914 ], [ 10.228146, 61.542906 ], [ 10.227997, 61.542894 ], [ 10.227625, 61.542862 ], [ 10.227539, 61.542842 ], [ 10.227452, 61.542829 ], [ 10.227374, 61.542819 ], [ 10.227304, 61.54281 ], [ 10.227154, 61.542793 ], [ 10.227081, 61.542781 ], [ 10.226849, 61.542757 ], [ 10.226761, 61.542748 ], [ 10.226678, 61.54274 ], [ 10.226605, 61.54273 ], [ 10.226539, 61.542724 ], [ 10.226477, 61.542719 ], [ 10.226422, 61.542712 ], [ 10.226366, 61.542709 ], [ 10.226323, 61.542701 ], [ 10.226278, 61.542696 ], [ 10.226075, 61.542687 ], [ 10.225988, 61.542685 ], [ 10.225888, 61.542685 ], [ 10.225717, 61.542685 ], [ 10.225644, 61.542678 ], [ 10.22557, 61.542676 ], [ 10.225506, 61.542678 ], [ 10.22545, 61.542673 ], [ 10.225324, 61.542667 ], [ 10.225262, 61.542665 ], [ 10.225209, 61.542667 ], [ 10.225165, 61.542667 ], [ 10.225112, 61.542666 ], [ 10.225062, 61.542666 ], [ 10.225011, 61.542666 ], [ 10.224583, 61.542647 ], [ 10.224216, 61.542624 ], [ 10.224109, 61.542619 ], [ 10.224013, 61.542612 ], [ 10.223929, 61.542603 ], [ 10.223861, 61.542597 ], [ 10.223794, 61.54259 ], [ 10.223728, 61.542579 ], [ 10.223665, 61.542566 ], [ 10.223607, 61.542557 ], [ 10.223554, 61.542549 ], [ 10.223432, 61.542528 ], [ 10.223366, 61.542518 ], [ 10.223302, 61.542509 ], [ 10.223244, 61.542501 ], [ 10.223023, 61.542466 ], [ 10.222823, 61.542434 ], [ 10.222713, 61.542422 ], [ 10.222618, 61.542414 ], [ 10.22257, 61.54241 ], [ 10.222539, 61.542407 ], [ 10.222513, 61.542404 ], [ 10.222476, 61.542404 ], [ 10.222283, 61.54239 ], [ 10.222183, 61.542391 ], [ 10.222094, 61.542394 ], [ 10.222053, 61.542394 ], [ 10.222009, 61.542396 ], [ 10.221923, 61.542392 ], [ 10.221882, 61.542386 ], [ 10.221837, 61.542378 ], [ 10.221793, 61.54237 ], [ 10.221585, 61.542339 ], [ 10.221479, 61.54232 ], [ 10.221427, 61.542308 ], [ 10.221384, 61.542296 ], [ 10.221342, 61.542288 ], [ 10.221301, 61.542277 ], [ 10.221255, 61.542266 ], [ 10.221162, 61.542238 ], [ 10.221005, 61.542185 ], [ 10.220886, 61.542155 ], [ 10.220834, 61.542148 ], [ 10.220782, 61.542141 ], [ 10.220735, 61.542132 ], [ 10.220546, 61.542087 ], [ 10.220507, 61.542078 ], [ 10.220462, 61.542068 ], [ 10.220236, 61.542026 ], [ 10.220188, 61.542021 ], [ 10.22014, 61.542014 ], [ 10.219784, 61.541943 ], [ 10.219727, 61.541925 ], [ 10.219674, 61.54191 ], [ 10.219618, 61.541897 ], [ 10.219561, 61.54188 ], [ 10.21952, 61.541863 ], [ 10.219476, 61.541846 ], [ 10.219444, 61.541832 ], [ 10.219214, 61.541758 ], [ 10.219157, 61.54175 ], [ 10.219108, 61.541741 ], [ 10.219058, 61.54173 ], [ 10.219016, 61.54172 ], [ 10.218973, 61.541712 ], [ 10.218921, 61.541705 ], [ 10.218768, 61.541691 ], [ 10.218603, 61.541671 ], [ 10.218541, 61.541663 ], [ 10.218491, 61.541654 ], [ 10.21845, 61.541647 ], [ 10.218344, 61.541616 ], [ 10.218062, 61.541513 ], [ 10.218018, 61.541499 ], [ 10.217979, 61.541487 ], [ 10.217935, 61.541476 ], [ 10.217792, 61.54144 ], [ 10.217688, 61.54141 ], [ 10.217482, 61.541334 ], [ 10.217439, 61.541318 ], [ 10.217401, 61.541302 ], [ 10.217367, 61.541287 ], [ 10.217334, 61.54127 ], [ 10.217297, 61.541255 ], [ 10.217223, 61.541221 ], [ 10.217183, 61.541206 ], [ 10.217149, 61.541193 ], [ 10.217114, 61.541181 ], [ 10.217077, 61.541169 ], [ 10.216747, 61.54107 ], [ 10.216548, 61.540993 ], [ 10.216449, 61.540971 ], [ 10.216343, 61.540948 ], [ 10.216123, 61.540902 ], [ 10.215915, 61.540843 ], [ 10.215805, 61.54082 ], [ 10.215704, 61.540799 ], [ 10.215612, 61.540781 ], [ 10.215532, 61.54076 ], [ 10.215452, 61.540742 ], [ 10.215365, 61.540729 ], [ 10.215301, 61.540718 ], [ 10.215246, 61.540705 ], [ 10.215202, 61.540692 ], [ 10.215164, 61.540679 ], [ 10.215074, 61.540644 ], [ 10.214954, 61.540605 ], [ 10.214913, 61.540585 ], [ 10.21487, 61.540565 ], [ 10.214819, 61.540551 ], [ 10.214719, 61.540517 ], [ 10.21462, 61.540472 ], [ 10.214578, 61.540457 ], [ 10.214538, 61.540443 ], [ 10.214507, 61.54043 ], [ 10.214478, 61.540417 ], [ 10.214411, 61.540391 ], [ 10.214381, 61.540382 ], [ 10.214347, 61.540372 ], [ 10.214325, 61.540365 ], [ 10.214308, 61.54036 ], [ 10.214295, 61.540354 ], [ 10.214266, 61.540352 ], [ 10.214244, 61.54035 ], [ 10.21424, 61.540349 ], [ 10.214234, 61.54035 ], [ 10.214209, 61.540348 ], [ 10.214189, 61.540353 ], [ 10.214192, 61.540348 ], [ 10.214181, 61.540346 ], [ 10.214158, 61.540344 ], [ 10.214151, 61.540341 ], [ 10.214147, 61.540337 ], [ 10.214139, 61.540338 ], [ 10.214124, 61.540334 ], [ 10.2141, 61.540328 ], [ 10.214075, 61.540321 ], [ 10.214062, 61.540312 ], [ 10.214049, 61.540297 ], [ 10.214035, 61.540277 ], [ 10.214018, 61.540257 ], [ 10.213987, 61.540242 ], [ 10.213938, 61.540228 ], [ 10.213897, 61.540217 ], [ 10.213847, 61.540204 ], [ 10.213797, 61.540189 ], [ 10.213653, 61.54014 ], [ 10.21362, 61.540122 ], [ 10.213598, 61.540106 ], [ 10.213583, 61.540091 ], [ 10.213567, 61.540077 ], [ 10.213566, 61.540061 ], [ 10.213565, 61.540044 ], [ 10.213556, 61.54003 ], [ 10.213554, 61.540022 ], [ 10.213552, 61.540017 ], [ 10.213561, 61.540007 ], [ 10.213564, 61.540005 ], [ 10.213564, 61.540005 ], [ 10.213564, 61.540005 ], [ 10.213564, 61.540005 ], [ 10.213564, 61.540005 ], [ 10.213564, 61.540005 ], [ 10.213579, 61.539985 ], [ 10.213544, 61.53996 ], [ 10.213447, 61.539898 ], [ 10.213374, 61.539849 ], [ 10.213335, 61.539818 ], [ 10.213293, 61.539795 ], [ 10.213232, 61.539741 ], [ 10.213194, 61.53971 ], [ 10.213128, 61.53965 ], [ 10.213105, 61.53962 ], [ 10.213083, 61.53959 ], [ 10.21304, 61.539536 ], [ 10.213026, 61.539517 ], [ 10.21301, 61.5395 ], [ 10.212998, 61.539483 ], [ 10.212988, 61.539466 ], [ 10.212976, 61.53945 ], [ 10.212963, 61.539429 ], [ 10.212945, 61.539413 ], [ 10.212889, 61.539363 ], [ 10.212784, 61.539305 ], [ 10.212733, 61.539286 ], [ 10.212697, 61.539273 ], [ 10.212659, 61.539262 ], [ 10.212625, 61.539251 ], [ 10.212508, 61.539211 ], [ 10.21228, 61.539117 ], [ 10.212249, 61.5391 ], [ 10.212224, 61.539092 ], [ 10.2122, 61.539076 ], [ 10.212169, 61.539057 ], [ 10.212104, 61.539037 ], [ 10.212078, 61.539023 ], [ 10.211974, 61.539002 ], [ 10.211923, 61.538989 ], [ 10.21188, 61.538978 ], [ 10.211833, 61.53898 ], [ 10.211795, 61.53898 ], [ 10.211761, 61.538977 ], [ 10.211727, 61.538978 ], [ 10.211695, 61.538982 ], [ 10.211609, 61.538988 ], [ 10.211561, 61.53899 ], [ 10.211517, 61.538994 ], [ 10.211493, 61.538994 ], [ 10.211458, 61.538992 ], [ 10.211426, 61.538997 ], [ 10.211394, 61.539004 ], [ 10.21136, 61.539011 ], [ 10.211326, 61.53902 ], [ 10.211289, 61.539028 ], [ 10.211258, 61.539039 ], [ 10.211185, 61.539056 ], [ 10.211114, 61.539076 ], [ 10.210895, 61.53913 ], [ 10.210818, 61.539151 ], [ 10.210758, 61.539169 ], [ 10.210696, 61.53918 ], [ 10.210649, 61.539182 ], [ 10.210611, 61.539182 ], [ 10.210576, 61.539183 ], [ 10.210443, 61.539186 ], [ 10.210346, 61.539194 ], [ 10.210303, 61.539197 ], [ 10.210217, 61.539205 ], [ 10.210134, 61.539214 ], [ 10.209953, 61.539227 ], [ 10.209917, 61.539233 ], [ 10.209884, 61.539239 ], [ 10.209807, 61.539252 ], [ 10.209778, 61.53925 ], [ 10.209749, 61.539247 ], [ 10.209712, 61.539246 ], [ 10.209662, 61.53925 ], [ 10.209467, 61.539263 ], [ 10.20943, 61.539271 ], [ 10.209395, 61.539278 ], [ 10.209368, 61.539289 ], [ 10.209358, 61.539299 ], [ 10.209333, 61.539311 ], [ 10.209307, 61.539317 ], [ 10.209282, 61.539323 ], [ 10.209185, 61.539346 ], [ 10.20907, 61.539366 ], [ 10.208869, 61.539409 ], [ 10.208819, 61.53942 ], [ 10.208775, 61.539429 ], [ 10.208742, 61.539443 ], [ 10.208707, 61.539454 ], [ 10.208674, 61.539464 ], [ 10.208646, 61.53947 ], [ 10.208603, 61.539479 ], [ 10.208577, 61.539486 ], [ 10.20844, 61.539518 ], [ 10.20841, 61.539529 ], [ 10.208382, 61.539537 ], [ 10.208357, 61.539547 ], [ 10.208293, 61.539562 ], [ 10.208225, 61.539571 ], [ 10.208192, 61.539572 ], [ 10.208153, 61.53958 ], [ 10.208127, 61.539584 ], [ 10.207989, 61.539602 ], [ 10.207919, 61.539611 ], [ 10.207897, 61.539616 ], [ 10.207717, 61.539641 ], [ 10.20751, 61.539647 ], [ 10.207477, 61.539654 ], [ 10.207223, 61.539662 ], [ 10.207183, 61.539663 ], [ 10.207149, 61.539666 ], [ 10.207052, 61.539659 ], [ 10.206815, 61.539663 ], [ 10.206782, 61.539662 ], [ 10.206737, 61.539663 ], [ 10.20666, 61.539663 ], [ 10.206623, 61.53966 ], [ 10.206594, 61.53966 ], [ 10.206567, 61.53966 ], [ 10.206534, 61.53966 ], [ 10.206482, 61.539655 ], [ 10.206349, 61.539629 ], [ 10.20629, 61.539631 ], [ 10.206254, 61.53963 ], [ 10.206178, 61.539628 ], [ 10.205976, 61.53962 ], [ 10.205885, 61.539607 ], [ 10.205786, 61.539607 ], [ 10.205741, 61.539606 ], [ 10.205654, 61.539593 ], [ 10.205609, 61.539593 ], [ 10.205564, 61.539595 ], [ 10.205521, 61.539597 ], [ 10.205476, 61.539603 ], [ 10.205426, 61.539603 ], [ 10.205374, 61.539601 ], [ 10.205331, 61.539595 ], [ 10.205295, 61.539591 ], [ 10.205255, 61.539579 ], [ 10.205213, 61.539564 ], [ 10.205144, 61.539542 ], [ 10.205064, 61.539519 ], [ 10.204983, 61.539489 ], [ 10.204908, 61.539457 ], [ 10.204715, 61.539388 ], [ 10.204477, 61.53934 ], [ 10.204238, 61.539291 ], [ 10.204139, 61.539274 ], [ 10.204049, 61.539259 ], [ 10.203971, 61.539253 ], [ 10.203896, 61.53925 ], [ 10.203847, 61.539232 ], [ 10.2038, 61.539211 ], [ 10.203762, 61.539193 ], [ 10.203736, 61.539174 ], [ 10.203713, 61.539158 ], [ 10.203692, 61.539141 ], [ 10.203668, 61.539129 ], [ 10.20364, 61.539119 ], [ 10.203622, 61.539102 ], [ 10.203612, 61.539087 ], [ 10.203608, 61.539068 ], [ 10.203591, 61.539048 ], [ 10.203572, 61.539027 ], [ 10.203558, 61.539011 ], [ 10.203534, 61.538994 ], [ 10.203515, 61.538979 ], [ 10.203487, 61.538941 ], [ 10.20345, 61.538905 ], [ 10.203373, 61.538835 ], [ 10.203344, 61.538799 ], [ 10.203334, 61.538785 ], [ 10.20328, 61.538767 ], [ 10.203252, 61.538756 ], [ 10.203236, 61.538745 ], [ 10.203176, 61.538728 ], [ 10.203171, 61.538725 ], [ 10.203157, 61.538721 ], [ 10.203115, 61.538708 ], [ 10.203096, 61.538701 ], [ 10.202938, 61.538645 ], [ 10.202821, 61.538629 ], [ 10.20278, 61.538634 ], [ 10.202754, 61.538637 ], [ 10.202738, 61.538637 ], [ 10.202618, 61.538621 ], [ 10.202595, 61.538611 ], [ 10.202578, 61.538601 ], [ 10.20256, 61.538595 ], [ 10.20254, 61.538593 ], [ 10.202527, 61.538596 ], [ 10.202521, 61.538593 ], [ 10.202521, 61.538593 ], [ 10.20252, 61.538593 ], [ 10.202501, 61.538586 ], [ 10.202467, 61.538582 ], [ 10.202436, 61.538585 ], [ 10.202417, 61.538593 ], [ 10.202403, 61.538605 ], [ 10.202436, 61.538628 ], [ 10.202522, 61.538667 ], [ 10.202666, 61.538784 ], [ 10.202815, 61.538875 ], [ 10.202877, 61.538927 ], [ 10.202895, 61.53895 ], [ 10.202915, 61.538972 ], [ 10.202938, 61.538994 ], [ 10.202955, 61.539014 ], [ 10.202971, 61.539036 ], [ 10.20299, 61.53908 ], [ 10.203012, 61.539095 ], [ 10.203031, 61.539111 ], [ 10.203046, 61.539127 ], [ 10.203064, 61.539143 ], [ 10.203114, 61.539181 ], [ 10.203277, 61.53935 ], [ 10.203348, 61.53945 ], [ 10.203352, 61.539484 ], [ 10.203356, 61.539516 ], [ 10.203349, 61.539544 ], [ 10.203345, 61.539562 ], [ 10.203349, 61.53958 ], [ 10.203346, 61.539597 ], [ 10.203415, 61.539683 ], [ 10.203428, 61.539696 ], [ 10.203437, 61.539709 ], [ 10.203444, 61.539722 ], [ 10.203438, 61.539727 ], [ 10.203438, 61.539741 ], [ 10.203446, 61.539758 ], [ 10.203444, 61.539773 ], [ 10.203454, 61.539809 ], [ 10.203468, 61.539827 ], [ 10.203467, 61.539841 ], [ 10.203454, 61.539852 ], [ 10.203457, 61.539856 ], [ 10.203458, 61.539865 ], [ 10.203458, 61.539877 ], [ 10.203455, 61.539889 ], [ 10.20345, 61.539897 ], [ 10.203449, 61.539903 ], [ 10.203449, 61.539903 ], [ 10.203449, 61.539903 ], [ 10.203446, 61.539917 ], [ 10.203446, 61.539917 ], [ 10.203446, 61.539917 ], [ 10.203446, 61.539917 ], [ 10.203446, 61.539917 ], [ 10.203453, 61.539955 ], [ 10.203446, 61.539962 ], [ 10.203431, 61.539967 ], [ 10.20342, 61.539962 ], [ 10.203367, 61.539953 ], [ 10.203346, 61.539955 ], [ 10.203317, 61.539958 ], [ 10.203285, 61.539959 ], [ 10.203263, 61.539958 ], [ 10.20325, 61.539956 ], [ 10.203219, 61.539954 ], [ 10.203209, 61.539954 ], [ 10.20312, 61.539953 ], [ 10.203112, 61.539956 ], [ 10.203104, 61.53996 ], [ 10.203096, 61.53996 ], [ 10.203086, 61.539961 ], [ 10.203067, 61.539963 ], [ 10.203062, 61.539968 ], [ 10.203061, 61.53997 ], [ 10.203055, 61.539972 ], [ 10.20305, 61.53997 ], [ 10.202992, 61.539974 ], [ 10.202986, 61.539974 ], [ 10.20298, 61.539973 ], [ 10.202974, 61.539972 ], [ 10.202968, 61.539972 ], [ 10.202968, 61.539972 ], [ 10.202962, 61.539973 ], [ 10.202956, 61.539974 ], [ 10.202948, 61.539974 ], [ 10.20294, 61.539975 ], [ 10.202933, 61.539976 ], [ 10.20293, 61.539976 ], [ 10.202931, 61.539976 ], [ 10.202924, 61.539974 ], [ 10.202916, 61.539977 ], [ 10.202913, 61.539978 ], [ 10.202905, 61.539981 ], [ 10.202892, 61.539981 ], [ 10.202893, 61.539984 ], [ 10.202892, 61.539984 ], [ 10.202886, 61.539985 ], [ 10.202868, 61.539986 ], [ 10.202855, 61.539986 ], [ 10.202836, 61.539984 ], [ 10.202819, 61.539986 ], [ 10.202806, 61.539987 ], [ 10.202791, 61.53999 ], [ 10.202789, 61.539993 ], [ 10.202785, 61.539994 ], [ 10.202779, 61.539996 ], [ 10.202768, 61.539999 ], [ 10.20275, 61.54 ], [ 10.202743, 61.540001 ], [ 10.202743, 61.540001 ], [ 10.202741, 61.540002 ], [ 10.202743, 61.540001 ], [ 10.202743, 61.540001 ], [ 10.202718, 61.54001 ], [ 10.202698, 61.540015 ], [ 10.202669, 61.540025 ], [ 10.202654, 61.540044 ], [ 10.20266, 61.540035 ], [ 10.20266, 61.540035 ], [ 10.20266, 61.540035 ], [ 10.202631, 61.54005 ], [ 10.20262, 61.540051 ], [ 10.202592, 61.540054 ], [ 10.202566, 61.54006 ], [ 10.202561, 61.540061 ], [ 10.202555, 61.540061 ], [ 10.202555, 61.540061 ], [ 10.202554, 61.540061 ], [ 10.202555, 61.540061 ], [ 10.20255, 61.540062 ], [ 10.202538, 61.540068 ], [ 10.202532, 61.540067 ], [ 10.202528, 61.540067 ], [ 10.202528, 61.540067 ], [ 10.202516, 61.540065 ], [ 10.202504, 61.540069 ], [ 10.202492, 61.540073 ], [ 10.202477, 61.54007 ], [ 10.202474, 61.540072 ], [ 10.202474, 61.540072 ], [ 10.202455, 61.540072 ], [ 10.202444, 61.540069 ], [ 10.202425, 61.540065 ], [ 10.202382, 61.540054 ], [ 10.20236, 61.540042 ], [ 10.202341, 61.540035 ], [ 10.20233, 61.54004 ], [ 10.202322, 61.540055 ], [ 10.202323, 61.540061 ], [ 10.202322, 61.540065 ], [ 10.202322, 61.540068 ], [ 10.202322, 61.540068 ], [ 10.202322, 61.540069 ], [ 10.202311, 61.540071 ], [ 10.202322, 61.540068 ], [ 10.202322, 61.540068 ], [ 10.202293, 61.540079 ], [ 10.202265, 61.540072 ], [ 10.202256, 61.540073 ], [ 10.202243, 61.540077 ], [ 10.202238, 61.540079 ], [ 10.202238, 61.540081 ], [ 10.202238, 61.540081 ], [ 10.202233, 61.540079 ], [ 10.202212, 61.540079 ], [ 10.202197, 61.540086 ], [ 10.202191, 61.540088 ], [ 10.202191, 61.540088 ], [ 10.202191, 61.540088 ], [ 10.202169, 61.540091 ], [ 10.202145, 61.540092 ], [ 10.202117, 61.540096 ], [ 10.202117, 61.540096 ], [ 10.202117, 61.540096 ], [ 10.202117, 61.540096 ], [ 10.202112, 61.540093 ], [ 10.202117, 61.540096 ], [ 10.202117, 61.540096 ], [ 10.202086, 61.540091 ], [ 10.202082, 61.540091 ], [ 10.202082, 61.540091 ], [ 10.202026, 61.540086 ], [ 10.202026, 61.540086 ], [ 10.202026, 61.540086 ], [ 10.202026, 61.540086 ], [ 10.202021, 61.540085 ], [ 10.202026, 61.540086 ], [ 10.202026, 61.540086 ], [ 10.202004, 61.540079 ], [ 10.202001, 61.540075 ], [ 10.202, 61.540074 ], [ 10.202001, 61.540068 ], [ 10.201995, 61.540066 ], [ 10.201992, 61.540056 ], [ 10.201985, 61.540052 ], [ 10.201985, 61.540052 ], [ 10.201984, 61.540052 ], [ 10.201964, 61.540051 ], [ 10.201952, 61.540053 ], [ 10.201945, 61.540054 ], [ 10.201945, 61.540054 ], [ 10.201945, 61.540054 ], [ 10.201926, 61.540056 ], [ 10.201916, 61.540059 ], [ 10.201909, 61.540063 ], [ 10.201899, 61.540065 ], [ 10.201889, 61.540067 ], [ 10.201884, 61.540067 ], [ 10.201879, 61.540072 ], [ 10.201878, 61.540074 ], [ 10.201878, 61.540074 ], [ 10.201878, 61.540074 ], [ 10.201874, 61.540076 ], [ 10.201862, 61.540085 ], [ 10.201837, 61.540092 ], [ 10.201826, 61.540093 ], [ 10.201826, 61.540093 ], [ 10.201826, 61.540093 ], [ 10.201824, 61.540094 ], [ 10.201807, 61.5401 ], [ 10.201794, 61.540104 ], [ 10.201778, 61.540107 ], [ 10.201778, 61.54011 ], [ 10.201777, 61.540112 ], [ 10.201776, 61.540115 ], [ 10.201773, 61.540123 ], [ 10.20177, 61.540125 ], [ 10.201754, 61.540131 ], [ 10.201754, 61.54013 ], [ 10.201754, 61.54013 ], [ 10.201754, 61.54013 ], [ 10.201762, 61.540136 ], [ 10.201746, 61.54014 ], [ 10.201734, 61.540145 ], [ 10.201723, 61.540149 ], [ 10.201717, 61.540151 ], [ 10.201713, 61.540154 ], [ 10.201701, 61.540157 ], [ 10.201691, 61.540159 ], [ 10.201683, 61.540161 ], [ 10.201677, 61.54016 ], [ 10.201674, 61.540164 ], [ 10.201675, 61.540164 ], [ 10.201655, 61.540173 ], [ 10.201649, 61.540175 ], [ 10.201641, 61.540177 ], [ 10.201629, 61.54018 ], [ 10.201619, 61.540184 ], [ 10.201614, 61.540187 ], [ 10.201607, 61.540187 ], [ 10.201605, 61.540192 ], [ 10.201601, 61.540194 ], [ 10.201595, 61.540195 ], [ 10.201587, 61.540196 ], [ 10.20158, 61.540198 ], [ 10.201567, 61.540197 ], [ 10.201559, 61.540197 ], [ 10.20155, 61.540198 ], [ 10.20154, 61.540203 ], [ 10.201528, 61.540207 ], [ 10.201521, 61.540209 ], [ 10.201512, 61.540209 ], [ 10.201502, 61.540211 ], [ 10.201494, 61.540214 ], [ 10.201486, 61.540218 ], [ 10.201472, 61.540222 ], [ 10.201464, 61.540227 ], [ 10.201453, 61.540228 ], [ 10.201443, 61.540229 ], [ 10.201438, 61.540234 ], [ 10.201427, 61.540238 ], [ 10.20142, 61.54024 ], [ 10.20142, 61.54024 ], [ 10.201418, 61.540241 ], [ 10.201399, 61.540253 ], [ 10.201393, 61.54026 ], [ 10.201381, 61.540264 ], [ 10.201369, 61.540267 ], [ 10.20136, 61.540274 ], [ 10.201351, 61.540282 ], [ 10.20135, 61.540286 ], [ 10.201351, 61.54029 ], [ 10.201348, 61.540292 ], [ 10.201343, 61.540295 ], [ 10.201339, 61.5403 ], [ 10.201334, 61.540306 ], [ 10.20133, 61.540311 ], [ 10.201333, 61.540318 ], [ 10.201329, 61.540326 ], [ 10.201325, 61.540329 ], [ 10.201313, 61.540331 ], [ 10.201301, 61.540331 ], [ 10.201291, 61.540328 ], [ 10.201277, 61.540327 ], [ 10.201277, 61.540327 ], [ 10.201275, 61.540327 ], [ 10.201241, 61.540316 ], [ 10.201225, 61.540306 ], [ 10.201222, 61.5403 ], [ 10.201215, 61.540293 ], [ 10.20121, 61.540286 ], [ 10.201199, 61.54028 ], [ 10.201192, 61.540273 ], [ 10.201192, 61.540258 ], [ 10.201193, 61.540252 ], [ 10.201208, 61.540224 ], [ 10.201205, 61.54022 ], [ 10.201198, 61.540212 ], [ 10.201191, 61.540206 ], [ 10.201178, 61.540199 ], [ 10.201172, 61.540193 ], [ 10.201171, 61.540187 ], [ 10.201172, 61.540181 ], [ 10.20117, 61.540175 ], [ 10.201165, 61.540166 ], [ 10.201162, 61.540142 ], [ 10.201154, 61.54012 ], [ 10.201156, 61.540114 ], [ 10.201155, 61.540103 ], [ 10.20116, 61.540084 ], [ 10.201158, 61.540075 ], [ 10.201157, 61.540069 ], [ 10.201154, 61.54005 ], [ 10.201157, 61.540042 ], [ 10.201158, 61.540035 ], [ 10.201158, 61.540033 ], [ 10.20117, 61.540024 ], [ 10.201173, 61.540021 ], [ 10.201175, 61.54002 ], [ 10.201188, 61.540007 ], [ 10.201193, 61.539998 ], [ 10.201196, 61.539993 ], [ 10.201196, 61.539988 ], [ 10.2012, 61.539981 ], [ 10.201204, 61.539974 ], [ 10.201206, 61.539966 ], [ 10.201209, 61.539957 ], [ 10.201216, 61.539948 ], [ 10.201223, 61.539939 ], [ 10.201229, 61.539935 ], [ 10.201233, 61.539929 ], [ 10.201237, 61.539921 ], [ 10.201248, 61.53991 ], [ 10.201255, 61.539899 ], [ 10.201261, 61.539886 ], [ 10.201263, 61.539868 ], [ 10.201261, 61.539855 ], [ 10.201261, 61.539809 ], [ 10.201253, 61.539799 ], [ 10.201246, 61.539789 ], [ 10.201241, 61.539773 ], [ 10.201243, 61.53977 ], [ 10.201243, 61.539765 ], [ 10.201241, 61.539753 ], [ 10.201238, 61.539748 ], [ 10.201237, 61.539743 ], [ 10.201236, 61.539739 ], [ 10.201235, 61.539732 ], [ 10.20123, 61.539726 ], [ 10.20123, 61.539721 ], [ 10.201231, 61.539715 ], [ 10.201232, 61.539708 ], [ 10.20123, 61.539702 ], [ 10.201235, 61.539695 ], [ 10.201236, 61.539688 ], [ 10.201229, 61.539683 ], [ 10.201223, 61.539676 ], [ 10.201208, 61.539668 ], [ 10.20119, 61.539663 ], [ 10.201175, 61.539656 ], [ 10.201168, 61.539651 ], [ 10.201161, 61.539649 ], [ 10.201161, 61.539646 ], [ 10.201156, 61.53964 ], [ 10.201142, 61.539636 ], [ 10.201134, 61.539629 ], [ 10.201116, 61.539624 ], [ 10.201103, 61.539618 ], [ 10.20108, 61.539608 ], [ 10.201064, 61.539603 ], [ 10.201052, 61.539595 ], [ 10.201042, 61.539589 ], [ 10.201029, 61.539585 ], [ 10.201024, 61.539578 ], [ 10.201017, 61.539572 ], [ 10.201009, 61.539567 ], [ 10.201005, 61.539557 ], [ 10.201001, 61.539553 ], [ 10.200993, 61.539546 ], [ 10.200984, 61.539541 ], [ 10.200974, 61.539535 ], [ 10.200968, 61.539532 ], [ 10.20096, 61.53953 ], [ 10.200954, 61.539526 ], [ 10.200945, 61.539523 ], [ 10.200933, 61.53952 ], [ 10.200915, 61.539515 ], [ 10.200903, 61.53951 ], [ 10.200898, 61.53951 ], [ 10.200898, 61.53951 ], [ 10.200886, 61.539505 ], [ 10.200879, 61.5395 ], [ 10.200869, 61.539493 ], [ 10.200859, 61.539488 ], [ 10.200853, 61.539484 ], [ 10.200844, 61.539481 ], [ 10.200837, 61.539476 ], [ 10.200829, 61.539474 ], [ 10.200824, 61.539472 ], [ 10.200822, 61.539468 ], [ 10.200818, 61.539466 ], [ 10.200812, 61.53946 ], [ 10.200805, 61.539454 ], [ 10.20079, 61.539448 ], [ 10.200777, 61.539444 ], [ 10.200773, 61.53944 ], [ 10.200769, 61.539439 ], [ 10.200766, 61.539435 ], [ 10.200762, 61.539433 ], [ 10.200755, 61.539429 ], [ 10.200748, 61.539424 ], [ 10.200734, 61.539419 ], [ 10.200717, 61.539417 ], [ 10.200699, 61.539414 ], [ 10.200691, 61.539413 ], [ 10.200683, 61.539411 ], [ 10.200673, 61.539406 ], [ 10.200662, 61.539405 ], [ 10.200655, 61.539403 ], [ 10.200651, 61.539401 ], [ 10.200643, 61.539399 ], [ 10.200624, 61.539394 ], [ 10.200607, 61.539386 ], [ 10.200593, 61.539381 ], [ 10.200585, 61.539376 ], [ 10.200577, 61.539373 ], [ 10.200569, 61.539369 ], [ 10.200557, 61.539366 ], [ 10.200547, 61.539363 ], [ 10.200532, 61.539358 ], [ 10.200524, 61.539356 ], [ 10.200518, 61.539355 ], [ 10.200521, 61.539354 ], [ 10.200523, 61.539351 ], [ 10.200516, 61.539349 ], [ 10.200508, 61.539335 ], [ 10.200503, 61.539324 ], [ 10.200502, 61.539316 ], [ 10.200499, 61.539309 ], [ 10.2005, 61.539301 ], [ 10.200489, 61.539294 ], [ 10.20048, 61.539288 ], [ 10.200472, 61.539282 ], [ 10.200465, 61.539281 ], [ 10.20046, 61.539277 ], [ 10.200449, 61.53923 ], [ 10.200451, 61.539225 ], [ 10.200449, 61.539216 ], [ 10.200433, 61.539199 ], [ 10.200422, 61.539192 ], [ 10.200417, 61.539185 ], [ 10.200412, 61.539179 ], [ 10.200404, 61.539175 ], [ 10.200398, 61.539171 ], [ 10.200393, 61.539162 ], [ 10.200391, 61.53916 ], [ 10.200377, 61.539151 ], [ 10.200373, 61.539144 ], [ 10.200374, 61.539133 ], [ 10.200368, 61.53911 ], [ 10.200365, 61.539106 ], [ 10.200353, 61.539092 ], [ 10.200344, 61.539082 ], [ 10.200335, 61.539077 ], [ 10.200316, 61.539062 ], [ 10.200316, 61.539052 ], [ 10.200311, 61.539037 ], [ 10.200309, 61.539035 ], [ 10.200306, 61.539032 ], [ 10.200285, 61.539021 ], [ 10.200274, 61.539018 ], [ 10.200263, 61.539016 ], [ 10.200252, 61.539015 ], [ 10.200245, 61.539013 ], [ 10.200235, 61.539008 ], [ 10.200231, 61.539004 ], [ 10.200219, 61.539 ], [ 10.200205, 61.538994 ], [ 10.200193, 61.538987 ], [ 10.200182, 61.538981 ], [ 10.200165, 61.538976 ], [ 10.200152, 61.538978 ], [ 10.200138, 61.538977 ], [ 10.200129, 61.538977 ], [ 10.20012, 61.538974 ], [ 10.200108, 61.53897 ], [ 10.200088, 61.538968 ], [ 10.200081, 61.538966 ], [ 10.200076, 61.538966 ], [ 10.200075, 61.538961 ], [ 10.200068, 61.538959 ], [ 10.200066, 61.538955 ], [ 10.200061, 61.538952 ], [ 10.20006, 61.538947 ], [ 10.200056, 61.538941 ], [ 10.200048, 61.538934 ], [ 10.200036, 61.538925 ], [ 10.200029, 61.538923 ], [ 10.200021, 61.538922 ], [ 10.200016, 61.538923 ], [ 10.200007, 61.538921 ], [ 10.2, 61.538921 ], [ 10.199988, 61.538921 ], [ 10.199982, 61.538921 ], [ 10.199969, 61.538917 ], [ 10.199956, 61.538912 ], [ 10.199947, 61.538907 ], [ 10.199932, 61.538902 ], [ 10.199918, 61.538896 ], [ 10.199907, 61.538895 ], [ 10.199895, 61.538894 ], [ 10.199885, 61.538894 ], [ 10.199872, 61.538892 ], [ 10.199855, 61.538887 ], [ 10.199842, 61.538885 ], [ 10.19983, 61.538884 ], [ 10.199818, 61.53888 ], [ 10.199814, 61.538878 ], [ 10.199811, 61.538875 ], [ 10.199802, 61.538869 ], [ 10.199795, 61.538865 ], [ 10.199791, 61.538863 ], [ 10.199783, 61.538858 ], [ 10.199771, 61.53886 ], [ 10.199767, 61.538855 ], [ 10.199777, 61.53886 ], [ 10.199772, 61.538853 ], [ 10.19976, 61.538852 ], [ 10.199753, 61.538849 ], [ 10.19974, 61.538847 ], [ 10.199726, 61.538846 ], [ 10.19971, 61.538845 ], [ 10.199693, 61.538844 ], [ 10.199684, 61.538843 ], [ 10.199671, 61.538844 ], [ 10.199655, 61.538843 ], [ 10.199642, 61.538841 ], [ 10.199626, 61.538839 ], [ 10.199608, 61.538839 ], [ 10.199596, 61.538838 ], [ 10.199581, 61.538835 ], [ 10.199565, 61.538835 ], [ 10.199551, 61.538835 ], [ 10.199547, 61.538833 ], [ 10.199528, 61.538826 ], [ 10.199519, 61.538826 ], [ 10.19951, 61.538823 ], [ 10.199474, 61.538814 ], [ 10.199444, 61.538805 ], [ 10.199434, 61.538804 ], [ 10.19942, 61.538802 ], [ 10.199406, 61.538804 ], [ 10.199392, 61.538802 ], [ 10.199371, 61.538796 ], [ 10.199353, 61.538794 ], [ 10.19934, 61.538793 ], [ 10.199339, 61.538793 ], [ 10.199338, 61.538792 ], [ 10.19933, 61.538783 ], [ 10.199325, 61.538774 ], [ 10.199315, 61.538766 ], [ 10.199308, 61.538758 ], [ 10.199296, 61.53875 ], [ 10.199282, 61.538746 ], [ 10.199271, 61.538744 ], [ 10.199256, 61.538739 ], [ 10.199247, 61.538737 ], [ 10.199235, 61.538734 ], [ 10.199228, 61.538733 ], [ 10.199222, 61.53873 ], [ 10.199216, 61.53873 ], [ 10.199192, 61.538728 ], [ 10.19917, 61.538728 ], [ 10.19915, 61.538727 ], [ 10.199129, 61.538729 ], [ 10.199109, 61.538728 ], [ 10.199088, 61.538728 ], [ 10.199073, 61.53873 ], [ 10.199035, 61.538737 ], [ 10.199009, 61.53874 ], [ 10.198992, 61.538738 ], [ 10.198986, 61.538737 ], [ 10.198931, 61.538727 ], [ 10.198928, 61.53872 ], [ 10.198937, 61.538712 ], [ 10.198894, 61.5387 ], [ 10.198873, 61.538696 ], [ 10.198848, 61.538684 ], [ 10.198793, 61.538646 ], [ 10.198784, 61.538633 ], [ 10.198782, 61.53862 ], [ 10.198775, 61.538619 ], [ 10.198758, 61.538609 ], [ 10.198748, 61.538598 ], [ 10.19874, 61.53859 ], [ 10.198738, 61.538587 ], [ 10.198716, 61.538577 ], [ 10.198709, 61.538572 ], [ 10.198702, 61.53857 ], [ 10.198697, 61.538567 ], [ 10.198691, 61.538564 ], [ 10.198684, 61.538558 ], [ 10.198679, 61.538554 ], [ 10.198666, 61.538538 ], [ 10.19866, 61.538524 ], [ 10.198653, 61.53852 ], [ 10.198637, 61.538512 ], [ 10.198633, 61.53851 ], [ 10.198624, 61.538504 ], [ 10.198625, 61.538503 ], [ 10.198613, 61.538498 ], [ 10.198604, 61.538493 ], [ 10.1986, 61.538493 ], [ 10.1986, 61.538493 ], [ 10.1986, 61.538493 ], [ 10.1986, 61.538493 ], [ 10.1986, 61.538493 ], [ 10.1986, 61.538493 ], [ 10.1986, 61.538493 ], [ 10.1986, 61.538493 ], [ 10.1986, 61.538493 ], [ 10.1986, 61.538493 ], [ 10.1986, 61.538493 ], [ 10.198595, 61.538486 ], [ 10.198577, 61.538472 ], [ 10.198573, 61.538469 ], [ 10.198573, 61.538469 ], [ 10.198573, 61.538469 ], [ 10.198571, 61.538465 ], [ 10.198563, 61.538459 ], [ 10.198561, 61.538457 ], [ 10.19856, 61.538457 ], [ 10.198562, 61.538455 ], [ 10.198565, 61.538448 ], [ 10.198565, 61.538446 ], [ 10.198569, 61.538441 ], [ 10.198564, 61.538432 ], [ 10.198564, 61.538424 ], [ 10.198561, 61.538416 ], [ 10.198561, 61.538412 ], [ 10.198566, 61.538411 ], [ 10.198565, 61.53841 ], [ 10.198566, 61.53841 ], [ 10.198567, 61.538408 ], [ 10.19857, 61.538391 ], [ 10.198573, 61.538383 ], [ 10.198565, 61.538381 ], [ 10.198566, 61.538375 ], [ 10.198568, 61.538371 ], [ 10.19857, 61.53837 ], [ 10.19857, 61.53837 ], [ 10.19857, 61.538365 ], [ 10.198562, 61.538358 ], [ 10.198557, 61.538356 ], [ 10.198561, 61.538356 ], [ 10.198563, 61.538354 ], [ 10.198563, 61.538354 ], [ 10.198574, 61.538332 ], [ 10.198566, 61.538331 ], [ 10.198566, 61.538328 ], [ 10.198556, 61.538324 ], [ 10.198553, 61.538322 ], [ 10.198544, 61.53832 ], [ 10.198541, 61.538315 ], [ 10.19851, 61.538291 ], [ 10.1985, 61.538287 ], [ 10.198485, 61.538283 ], [ 10.198471, 61.538279 ], [ 10.198462, 61.538276 ], [ 10.198454, 61.538274 ], [ 10.198449, 61.538272 ], [ 10.198421, 61.538264 ], [ 10.198414, 61.538263 ], [ 10.198407, 61.538264 ], [ 10.198401, 61.538264 ], [ 10.198393, 61.538262 ], [ 10.198383, 61.538261 ], [ 10.198374, 61.538262 ], [ 10.198366, 61.538262 ], [ 10.198356, 61.538258 ], [ 10.198346, 61.538256 ], [ 10.198337, 61.538252 ], [ 10.198333, 61.538251 ], [ 10.198327, 61.538246 ], [ 10.198324, 61.538241 ], [ 10.198315, 61.53824 ], [ 10.198304, 61.538237 ], [ 10.198296, 61.538238 ], [ 10.198273, 61.538238 ], [ 10.19826, 61.538238 ], [ 10.198249, 61.538239 ], [ 10.198249, 61.538239 ], [ 10.198249, 61.538239 ], [ 10.198232, 61.538244 ], [ 10.198221, 61.538245 ], [ 10.198196, 61.538244 ], [ 10.198171, 61.538239 ], [ 10.198162, 61.53824 ], [ 10.198145, 61.53824 ], [ 10.198141, 61.538239 ], [ 10.198134, 61.538237 ], [ 10.198127, 61.538233 ], [ 10.1981, 61.53822 ], [ 10.198092, 61.538215 ], [ 10.198085, 61.538215 ], [ 10.198072, 61.538209 ], [ 10.198062, 61.538207 ], [ 10.198054, 61.538202 ], [ 10.198044, 61.5382 ], [ 10.198036, 61.538197 ], [ 10.198027, 61.538194 ], [ 10.19802, 61.538192 ], [ 10.198015, 61.538185 ], [ 10.198008, 61.538184 ], [ 10.198, 61.53818 ], [ 10.197993, 61.538174 ], [ 10.197989, 61.538167 ], [ 10.197988, 61.538162 ], [ 10.197985, 61.538155 ], [ 10.197985, 61.538148 ], [ 10.197981, 61.538144 ], [ 10.197976, 61.538141 ], [ 10.197973, 61.538143 ], [ 10.197973, 61.538143 ], [ 10.19796, 61.53814 ], [ 10.197954, 61.538136 ], [ 10.197946, 61.538134 ], [ 10.197937, 61.538128 ], [ 10.197923, 61.538123 ], [ 10.197923, 61.538121 ], [ 10.197923, 61.538121 ], [ 10.197912, 61.538119 ], [ 10.197908, 61.538118 ], [ 10.197904, 61.538116 ], [ 10.197897, 61.538114 ], [ 10.19789, 61.53811 ], [ 10.197876, 61.538106 ], [ 10.19787, 61.538103 ], [ 10.197859, 61.538098 ], [ 10.197851, 61.538094 ], [ 10.197843, 61.538091 ], [ 10.197835, 61.538089 ], [ 10.197829, 61.538089 ], [ 10.197825, 61.538086 ], [ 10.19782, 61.538081 ], [ 10.19781, 61.538079 ], [ 10.197802, 61.538074 ], [ 10.197793, 61.538072 ], [ 10.197789, 61.538073 ], [ 10.197782, 61.538072 ], [ 10.197782, 61.538072 ], [ 10.197777, 61.538073 ], [ 10.197747, 61.538069 ], [ 10.197739, 61.538067 ], [ 10.197736, 61.538068 ], [ 10.197723, 61.538069 ], [ 10.197719, 61.538068 ], [ 10.197712, 61.538066 ], [ 10.197646, 61.538054 ], [ 10.197624, 61.538054 ], [ 10.197605, 61.538056 ], [ 10.19759, 61.538059 ], [ 10.197578, 61.538061 ], [ 10.197568, 61.538063 ], [ 10.19756, 61.538065 ], [ 10.197545, 61.538068 ], [ 10.197532, 61.53807 ], [ 10.197536, 61.538069 ], [ 10.197529, 61.538068 ], [ 10.197512, 61.538067 ], [ 10.197503, 61.538068 ], [ 10.197498, 61.538069 ], [ 10.197488, 61.538071 ], [ 10.197474, 61.538072 ], [ 10.19745, 61.538077 ], [ 10.197377, 61.538099 ], [ 10.197362, 61.538104 ], [ 10.197258, 61.538117 ], [ 10.19723, 61.538123 ], [ 10.197211, 61.538125 ], [ 10.197186, 61.538127 ], [ 10.197112, 61.538143 ], [ 10.19709, 61.538154 ], [ 10.19708, 61.538162 ], [ 10.19707, 61.538176 ], [ 10.197053, 61.538187 ], [ 10.197034, 61.538191 ], [ 10.197019, 61.538191 ], [ 10.196919, 61.538209 ], [ 10.196831, 61.538223 ], [ 10.196705, 61.538245 ], [ 10.196643, 61.538253 ], [ 10.196606, 61.538263 ], [ 10.196536, 61.53827 ], [ 10.196465, 61.538284 ], [ 10.196391, 61.538306 ], [ 10.196361, 61.538321 ], [ 10.196243, 61.538348 ], [ 10.196117, 61.538373 ], [ 10.19603, 61.538384 ], [ 10.19593, 61.53839 ], [ 10.195892, 61.538391 ], [ 10.195812, 61.53841 ], [ 10.195769, 61.538415 ], [ 10.195737, 61.53842 ], [ 10.195647, 61.538449 ], [ 10.195614, 61.538453 ], [ 10.195582, 61.538456 ], [ 10.195471, 61.538482 ], [ 10.195442, 61.538492 ], [ 10.195415, 61.538502 ], [ 10.195368, 61.5385 ], [ 10.195329, 61.538508 ], [ 10.195291, 61.538516 ], [ 10.195229, 61.538533 ], [ 10.195193, 61.53854 ], [ 10.195162, 61.538548 ], [ 10.195124, 61.538557 ], [ 10.195085, 61.538562 ], [ 10.19498, 61.538604 ], [ 10.194956, 61.538615 ], [ 10.194931, 61.538623 ], [ 10.194893, 61.53864 ], [ 10.194861, 61.538641 ], [ 10.19482, 61.538645 ], [ 10.194759, 61.538652 ], [ 10.194699, 61.538652 ], [ 10.194646, 61.538657 ], [ 10.194601, 61.538663 ], [ 10.194486, 61.538674 ], [ 10.194354, 61.538667 ], [ 10.194315, 61.538671 ], [ 10.194274, 61.538677 ], [ 10.193986, 61.538737 ], [ 10.193716, 61.538774 ], [ 10.193666, 61.538795 ], [ 10.193615, 61.538816 ], [ 10.193549, 61.538843 ], [ 10.193494, 61.538861 ], [ 10.193439, 61.538872 ], [ 10.19339, 61.53888 ], [ 10.193348, 61.53889 ], [ 10.193258, 61.538902 ], [ 10.193047, 61.538947 ], [ 10.192998, 61.538973 ], [ 10.192942, 61.538988 ], [ 10.192884, 61.538999 ], [ 10.192833, 61.539005 ], [ 10.192777, 61.539015 ], [ 10.192736, 61.539019 ], [ 10.192616, 61.539037 ], [ 10.192562, 61.539045 ], [ 10.192279, 61.539091 ], [ 10.192235, 61.539109 ], [ 10.192201, 61.539134 ], [ 10.192173, 61.539147 ], [ 10.192138, 61.53916 ], [ 10.192084, 61.539159 ], [ 10.19206, 61.539151 ], [ 10.192026, 61.539142 ], [ 10.192001, 61.539138 ], [ 10.191982, 61.53914 ], [ 10.191963, 61.539143 ], [ 10.191944, 61.539141 ], [ 10.191909, 61.539147 ], [ 10.191871, 61.539153 ], [ 10.191835, 61.539162 ], [ 10.1918, 61.539168 ], [ 10.191758, 61.539176 ], [ 10.191454, 61.539241 ], [ 10.19141, 61.539249 ], [ 10.191217, 61.539273 ], [ 10.191134, 61.539265 ], [ 10.191048, 61.539265 ], [ 10.190985, 61.539276 ], [ 10.190926, 61.539288 ], [ 10.190855, 61.539298 ], [ 10.190792, 61.539317 ], [ 10.190726, 61.539329 ], [ 10.190587, 61.53935 ], [ 10.190519, 61.539355 ], [ 10.190377, 61.539357 ], [ 10.190227, 61.539371 ], [ 10.19016, 61.539394 ], [ 10.1901, 61.53941 ], [ 10.19003, 61.539425 ], [ 10.189959, 61.539443 ], [ 10.189779, 61.539476 ], [ 10.189699, 61.539493 ], [ 10.189623, 61.539506 ], [ 10.189555, 61.539525 ], [ 10.189491, 61.53954 ], [ 10.189301, 61.539589 ], [ 10.189245, 61.539603 ], [ 10.189195, 61.539612 ], [ 10.18907, 61.539636 ], [ 10.188933, 61.539663 ], [ 10.188865, 61.539672 ], [ 10.188788, 61.539679 ], [ 10.1887, 61.539694 ], [ 10.188541, 61.539739 ], [ 10.188473, 61.539749 ], [ 10.188406, 61.539745 ], [ 10.188334, 61.539749 ], [ 10.188263, 61.539759 ], [ 10.188202, 61.539778 ], [ 10.188138, 61.539783 ], [ 10.188076, 61.53978 ], [ 10.188014, 61.539784 ], [ 10.187832, 61.539813 ], [ 10.18778, 61.539823 ], [ 10.187734, 61.539828 ], [ 10.18769, 61.539837 ], [ 10.187613, 61.539862 ], [ 10.187581, 61.539869 ], [ 10.187561, 61.539868 ], [ 10.187562, 61.539868 ], [ 10.18757, 61.53987 ], [ 10.18757, 61.53987 ], [ 10.18757, 61.53987 ], [ 10.18757, 61.53987 ], [ 10.187559, 61.539868 ], [ 10.187551, 61.539876 ], [ 10.187544, 61.539881 ], [ 10.187519, 61.53989 ], [ 10.187473, 61.539896 ], [ 10.187445, 61.539905 ], [ 10.187412, 61.539924 ], [ 10.187374, 61.539941 ], [ 10.187327, 61.539967 ], [ 10.187276, 61.53999 ], [ 10.187209, 61.540018 ], [ 10.187165, 61.540049 ], [ 10.187111, 61.540065 ], [ 10.187045, 61.540075 ], [ 10.186975, 61.540088 ], [ 10.186913, 61.5401 ], [ 10.186855, 61.540114 ], [ 10.1868, 61.540126 ], [ 10.186735, 61.54012 ], [ 10.186685, 61.540106 ], [ 10.186637, 61.540087 ], [ 10.186595, 61.540067 ], [ 10.186564, 61.540051 ], [ 10.186519, 61.540034 ], [ 10.186402, 61.539992 ], [ 10.186357, 61.539969 ], [ 10.186319, 61.539954 ], [ 10.186282, 61.539945 ], [ 10.186202, 61.539932 ], [ 10.186159, 61.539922 ], [ 10.186118, 61.539907 ], [ 10.186095, 61.539894 ], [ 10.186083, 61.539881 ], [ 10.186069, 61.539861 ], [ 10.18603, 61.539852 ], [ 10.185982, 61.539844 ], [ 10.185932, 61.539835 ], [ 10.185875, 61.539827 ], [ 10.185816, 61.539815 ], [ 10.185779, 61.539803 ], [ 10.185733, 61.539796 ], [ 10.185704, 61.53979 ], [ 10.185656, 61.539794 ], [ 10.185613, 61.539798 ], [ 10.185567, 61.539804 ], [ 10.185528, 61.539811 ], [ 10.185489, 61.539829 ], [ 10.185449, 61.539836 ], [ 10.185404, 61.539845 ], [ 10.185291, 61.53985 ], [ 10.185234, 61.53986 ], [ 10.185173, 61.539873 ], [ 10.185116, 61.539884 ], [ 10.184874, 61.539901 ], [ 10.184794, 61.539904 ], [ 10.184712, 61.539905 ], [ 10.184653, 61.5399 ], [ 10.184596, 61.539901 ], [ 10.184538, 61.539902 ], [ 10.18448, 61.53991 ], [ 10.184425, 61.539923 ], [ 10.184366, 61.539939 ], [ 10.184308, 61.539952 ], [ 10.184248, 61.539962 ], [ 10.184189, 61.539969 ], [ 10.184138, 61.539977 ], [ 10.184099, 61.539992 ], [ 10.184071, 61.540006 ], [ 10.18403, 61.540006 ], [ 10.18398, 61.540004 ], [ 10.183929, 61.540004 ], [ 10.183892, 61.540003 ], [ 10.183844, 61.540007 ], [ 10.183741, 61.539999 ], [ 10.18368, 61.540008 ], [ 10.183533, 61.540028 ], [ 10.183462, 61.540042 ], [ 10.183332, 61.540082 ], [ 10.183273, 61.540097 ], [ 10.183215, 61.540108 ], [ 10.183162, 61.540098 ], [ 10.183111, 61.540088 ], [ 10.183067, 61.540093 ], [ 10.182947, 61.54012 ], [ 10.1829, 61.540146 ], [ 10.182849, 61.540165 ], [ 10.182787, 61.540182 ], [ 10.182724, 61.540206 ], [ 10.182659, 61.540232 ], [ 10.182576, 61.540251 ], [ 10.182492, 61.540265 ], [ 10.182406, 61.540266 ], [ 10.182344, 61.540264 ], [ 10.182281, 61.540255 ], [ 10.18221, 61.540244 ], [ 10.182144, 61.540238 ], [ 10.182085, 61.540238 ], [ 10.182029, 61.540257 ], [ 10.182005, 61.540272 ], [ 10.181965, 61.540278 ], [ 10.181904, 61.540285 ], [ 10.181831, 61.540294 ], [ 10.181729, 61.540293 ], [ 10.181619, 61.540297 ], [ 10.181499, 61.540295 ], [ 10.181399, 61.540294 ], [ 10.181299, 61.540295 ], [ 10.18121, 61.540314 ], [ 10.181131, 61.540329 ], [ 10.181057, 61.540341 ], [ 10.18097, 61.540361 ], [ 10.180888, 61.540371 ], [ 10.180819, 61.540381 ], [ 10.18075, 61.540394 ], [ 10.180699, 61.540406 ], [ 10.180665, 61.540408 ], [ 10.180622, 61.540403 ], [ 10.180564, 61.540406 ], [ 10.180531, 61.540409 ], [ 10.180542, 61.5404 ], [ 10.180528, 61.540396 ], [ 10.180505, 61.540391 ], [ 10.180489, 61.540385 ], [ 10.180468, 61.540384 ], [ 10.18029, 61.540355 ], [ 10.18016, 61.540351 ], [ 10.180112, 61.540349 ], [ 10.180048, 61.540345 ], [ 10.179906, 61.540326 ], [ 10.179842, 61.540315 ], [ 10.179781, 61.540312 ], [ 10.179724, 61.540307 ], [ 10.17968, 61.54031 ], [ 10.179644, 61.54033 ], [ 10.179614, 61.540351 ], [ 10.17957, 61.540359 ], [ 10.179474, 61.540394 ], [ 10.179409, 61.54041 ], [ 10.179342, 61.540427 ], [ 10.179297, 61.540441 ], [ 10.179247, 61.540439 ], [ 10.179189, 61.540425 ], [ 10.179139, 61.540422 ], [ 10.179099, 61.540441 ], [ 10.179054, 61.540458 ], [ 10.179008, 61.540473 ], [ 10.178957, 61.540472 ], [ 10.178826, 61.54046 ], [ 10.178762, 61.54046 ], [ 10.178712, 61.540464 ], [ 10.178621, 61.540486 ], [ 10.178564, 61.54048 ], [ 10.178508, 61.540484 ], [ 10.178463, 61.540491 ], [ 10.178412, 61.540502 ], [ 10.178355, 61.540511 ], [ 10.178294, 61.540515 ], [ 10.178239, 61.540503 ], [ 10.178184, 61.540504 ], [ 10.178147, 61.540518 ], [ 10.178098, 61.54054 ], [ 10.178071, 61.540568 ], [ 10.178045, 61.54059 ], [ 10.178007, 61.540603 ], [ 10.17796, 61.540617 ], [ 10.177932, 61.540637 ], [ 10.177894, 61.540694 ], [ 10.177868, 61.540728 ], [ 10.177844, 61.540759 ], [ 10.177826, 61.540786 ], [ 10.177806, 61.540848 ], [ 10.177787, 61.540875 ], [ 10.177762, 61.540902 ], [ 10.177756, 61.540929 ], [ 10.177738, 61.540949 ], [ 10.177712, 61.540975 ], [ 10.177689, 61.541039 ], [ 10.177668, 61.541093 ], [ 10.177652, 61.541139 ], [ 10.177639, 61.541159 ], [ 10.177641, 61.541177 ], [ 10.177642, 61.541197 ], [ 10.177651, 61.541213 ], [ 10.177642, 61.541238 ], [ 10.17763, 61.541287 ], [ 10.177636, 61.541299 ], [ 10.177638, 61.541315 ], [ 10.177645, 61.541357 ], [ 10.177678, 61.5414 ], [ 10.177682, 61.541405 ], [ 10.177678, 61.541415 ], [ 10.177677, 61.541422 ], [ 10.177673, 61.541443 ], [ 10.177667, 61.541467 ], [ 10.17768, 61.541518 ], [ 10.177694, 61.541564 ], [ 10.177721, 61.541583 ], [ 10.177733, 61.541602 ], [ 10.177739, 61.541617 ], [ 10.17777, 61.541655 ], [ 10.177769, 61.541671 ], [ 10.177754, 61.541691 ], [ 10.177736, 61.541711 ], [ 10.177734, 61.54173 ], [ 10.17772, 61.541744 ], [ 10.177693, 61.541764 ], [ 10.177686, 61.541792 ], [ 10.177677, 61.54181 ], [ 10.177683, 61.54183 ], [ 10.177678, 61.541853 ], [ 10.177667, 61.541873 ], [ 10.177692, 61.541902 ], [ 10.177725, 61.541926 ], [ 10.177751, 61.54195 ], [ 10.177754, 61.541966 ], [ 10.177759, 61.541985 ], [ 10.177785, 61.541998 ], [ 10.177781, 61.542007 ], [ 10.177773, 61.542039 ], [ 10.177748, 61.542063 ], [ 10.177679, 61.542102 ], [ 10.177649, 61.542111 ], [ 10.177611, 61.542123 ], [ 10.177584, 61.542132 ], [ 10.177555, 61.54214 ], [ 10.177527, 61.542144 ], [ 10.177503, 61.542152 ], [ 10.177482, 61.542157 ], [ 10.17746, 61.542163 ], [ 10.177438, 61.542168 ], [ 10.177422, 61.542174 ], [ 10.177375, 61.542184 ], [ 10.17732, 61.542196 ], [ 10.177277, 61.542214 ], [ 10.177245, 61.542229 ], [ 10.177207, 61.542241 ], [ 10.177163, 61.542244 ], [ 10.177107, 61.542252 ], [ 10.177064, 61.542262 ], [ 10.177019, 61.54228 ], [ 10.176963, 61.542289 ], [ 10.176925, 61.542305 ], [ 10.176893, 61.542318 ], [ 10.176863, 61.54233 ], [ 10.176834, 61.542335 ], [ 10.176794, 61.542333 ], [ 10.176759, 61.542337 ], [ 10.176666, 61.54234 ], [ 10.176628, 61.542342 ], [ 10.1766, 61.542338 ], [ 10.176598, 61.542337 ], [ 10.176598, 61.542337 ], [ 10.176598, 61.542337 ], [ 10.176598, 61.542337 ], [ 10.176598, 61.542337 ], [ 10.176584, 61.542337 ], [ 10.176494, 61.542319 ], [ 10.176494, 61.542319 ], [ 10.176494, 61.542319 ], [ 10.176494, 61.542319 ], [ 10.176494, 61.542319 ], [ 10.176479, 61.542316 ], [ 10.176462, 61.542318 ], [ 10.176449, 61.542319 ], [ 10.176428, 61.542318 ], [ 10.176409, 61.542314 ], [ 10.176397, 61.542312 ], [ 10.176406, 61.54231 ], [ 10.17639, 61.542303 ], [ 10.176365, 61.542304 ], [ 10.176344, 61.542304 ], [ 10.176324, 61.542307 ], [ 10.176304, 61.542311 ], [ 10.176245, 61.542313 ], [ 10.176219, 61.542312 ], [ 10.176197, 61.542322 ], [ 10.176107, 61.542288 ], [ 10.176046, 61.542282 ], [ 10.175994, 61.542287 ], [ 10.175942, 61.542294 ], [ 10.175909, 61.542292 ], [ 10.175876, 61.542287 ], [ 10.175779, 61.542286 ], [ 10.175575, 61.542321 ], [ 10.175509, 61.542329 ], [ 10.175447, 61.542338 ], [ 10.175389, 61.542347 ], [ 10.17533, 61.542355 ], [ 10.175289, 61.542368 ], [ 10.175253, 61.542384 ], [ 10.175208, 61.542397 ], [ 10.175103, 61.542413 ], [ 10.175034, 61.542411 ], [ 10.174983, 61.5424 ], [ 10.17493, 61.54239 ], [ 10.174886, 61.542385 ], [ 10.17485, 61.542378 ], [ 10.174754, 61.542374 ], [ 10.174718, 61.542384 ], [ 10.174673, 61.542398 ], [ 10.174629, 61.542409 ], [ 10.174579, 61.542425 ], [ 10.174537, 61.542437 ], [ 10.174476, 61.542448 ], [ 10.174427, 61.542458 ], [ 10.174378, 61.542461 ], [ 10.174322, 61.54246 ], [ 10.174264, 61.542452 ], [ 10.174219, 61.54244 ], [ 10.174176, 61.542434 ], [ 10.174122, 61.542424 ], [ 10.174068, 61.542406 ], [ 10.17402, 61.542394 ], [ 10.173974, 61.542384 ], [ 10.17394, 61.542368 ], [ 10.173913, 61.542351 ], [ 10.173844, 61.5423 ], [ 10.173816, 61.54227 ], [ 10.173759, 61.542198 ], [ 10.173747, 61.542162 ], [ 10.173716, 61.542129 ], [ 10.173682, 61.542092 ], [ 10.173642, 61.542054 ], [ 10.173573, 61.541951 ], [ 10.173552, 61.541908 ], [ 10.173537, 61.541862 ], [ 10.173538, 61.54182 ], [ 10.173557, 61.541788 ], [ 10.173551, 61.541754 ], [ 10.173514, 61.54173 ], [ 10.173486, 61.541693 ], [ 10.173494, 61.54165 ], [ 10.173484, 61.541566 ], [ 10.173498, 61.541528 ], [ 10.173493, 61.541493 ], [ 10.173476, 61.541476 ], [ 10.17344, 61.541458 ], [ 10.173404, 61.541434 ], [ 10.173358, 61.54141 ], [ 10.173339, 61.541374 ], [ 10.173296, 61.541353 ], [ 10.173261, 61.541331 ], [ 10.173174, 61.541279 ], [ 10.173082, 61.541226 ], [ 10.173038, 61.541201 ], [ 10.172958, 61.541135 ], [ 10.172923, 61.541106 ], [ 10.172892, 61.541083 ], [ 10.172868, 61.541058 ], [ 10.172841, 61.541034 ], [ 10.172827, 61.54101 ], [ 10.172819, 61.540985 ], [ 10.172805, 61.540962 ], [ 10.172777, 61.540909 ], [ 10.172724, 61.54081 ], [ 10.172717, 61.540776 ], [ 10.172705, 61.540751 ], [ 10.172642, 61.540704 ], [ 10.172622, 61.540678 ], [ 10.172582, 61.540621 ], [ 10.172562, 61.540597 ], [ 10.172516, 61.540577 ], [ 10.172484, 61.540554 ], [ 10.172447, 61.54053 ], [ 10.17239, 61.540511 ], [ 10.17234, 61.54049 ], [ 10.172287, 61.540472 ], [ 10.172239, 61.540455 ], [ 10.172192, 61.540436 ], [ 10.172156, 61.540412 ], [ 10.172122, 61.540391 ], [ 10.172094, 61.540374 ], [ 10.172048, 61.540359 ], [ 10.172027, 61.540329 ], [ 10.172002, 61.540303 ], [ 10.171964, 61.540287 ], [ 10.171888, 61.540237 ], [ 10.171863, 61.540197 ], [ 10.171846, 61.540151 ], [ 10.171824, 61.540106 ], [ 10.171793, 61.540061 ], [ 10.171754, 61.540016 ], [ 10.171731, 61.539982 ], [ 10.171711, 61.539949 ], [ 10.171675, 61.539916 ], [ 10.171651, 61.539877 ], [ 10.17157, 61.539793 ], [ 10.17152, 61.539755 ], [ 10.171467, 61.539727 ], [ 10.17143, 61.539695 ], [ 10.171404, 61.539659 ], [ 10.171396, 61.539629 ], [ 10.171382, 61.53959 ], [ 10.171369, 61.539561 ], [ 10.171356, 61.539532 ], [ 10.171374, 61.5395 ], [ 10.171365, 61.539477 ], [ 10.171327, 61.539466 ], [ 10.171212, 61.539461 ], [ 10.170993, 61.539459 ], [ 10.170917, 61.539447 ], [ 10.170861, 61.539441 ], [ 10.17081, 61.53943 ], [ 10.170757, 61.53942 ], [ 10.170699, 61.539405 ], [ 10.170645, 61.539401 ], [ 10.170585, 61.539399 ], [ 10.170545, 61.539394 ], [ 10.17048, 61.53939 ], [ 10.170423, 61.539392 ], [ 10.17037, 61.539394 ], [ 10.170326, 61.539392 ], [ 10.170272, 61.539388 ], [ 10.170222, 61.53938 ], [ 10.170186, 61.539366 ], [ 10.170094, 61.539362 ], [ 10.170044, 61.53937 ], [ 10.170009, 61.53938 ], [ 10.16998, 61.539383 ], [ 10.169962, 61.539376 ], [ 10.169962, 61.539376 ], [ 10.169962, 61.539376 ], [ 10.16993, 61.539364 ], [ 10.1699, 61.539336 ], [ 10.169854, 61.539321 ], [ 10.169842, 61.539322 ], [ 10.169842, 61.539322 ], [ 10.169842, 61.539322 ], [ 10.169842, 61.539322 ], [ 10.169842, 61.539322 ], [ 10.169842, 61.539322 ], [ 10.169852, 61.539325 ], [ 10.169827, 61.539334 ], [ 10.169737, 61.539382 ], [ 10.169613, 61.53944 ], [ 10.169588, 61.539453 ], [ 10.16956, 61.539466 ], [ 10.169462, 61.539512 ], [ 10.169337, 61.539578 ], [ 10.169304, 61.539596 ], [ 10.16928, 61.539612 ], [ 10.169261, 61.539626 ], [ 10.169156, 61.539695 ], [ 10.169123, 61.53971 ], [ 10.169049, 61.53975 ], [ 10.169028, 61.539767 ], [ 10.169006, 61.539783 ], [ 10.168955, 61.539812 ], [ 10.168938, 61.539826 ], [ 10.168918, 61.539839 ], [ 10.168892, 61.53985 ], [ 10.168885, 61.539852 ], [ 10.168885, 61.539852 ], [ 10.168864, 61.53986 ], [ 10.168861, 61.539863 ], [ 10.168861, 61.539863 ], [ 10.168863, 61.539857 ], [ 10.168861, 61.539863 ], [ 10.168861, 61.539863 ], [ 10.168861, 61.539863 ], [ 10.168861, 61.539863 ], [ 10.168861, 61.539863 ], [ 10.168831, 61.539867 ], [ 10.168831, 61.539867 ], [ 10.168832, 61.539865 ], [ 10.168783, 61.539907 ], [ 10.168747, 61.53995 ], [ 10.168714, 61.539992 ], [ 10.168703, 61.540044 ], [ 10.168689, 61.540062 ], [ 10.168671, 61.540075 ], [ 10.168647, 61.540092 ], [ 10.168631, 61.540106 ], [ 10.1686, 61.540134 ], [ 10.168585, 61.540145 ], [ 10.168573, 61.540154 ], [ 10.168558, 61.540191 ], [ 10.168554, 61.540208 ], [ 10.16854, 61.540222 ], [ 10.168508, 61.540257 ], [ 10.168496, 61.540273 ], [ 10.168486, 61.540295 ], [ 10.168475, 61.540308 ], [ 10.168422, 61.540363 ], [ 10.168405, 61.540386 ], [ 10.168375, 61.540426 ], [ 10.168358, 61.540443 ], [ 10.168343, 61.54046 ], [ 10.168305, 61.540525 ], [ 10.168297, 61.540538 ], [ 10.168285, 61.540553 ], [ 10.168269, 61.540571 ], [ 10.168267, 61.540588 ], [ 10.168263, 61.5406 ], [ 10.168268, 61.540607 ], [ 10.168267, 61.540623 ], [ 10.168265, 61.540635 ], [ 10.16826, 61.540645 ], [ 10.168262, 61.54065 ], [ 10.168256, 61.540653 ], [ 10.168256, 61.540653 ], [ 10.168215, 61.54068 ], [ 10.168209, 61.540686 ], [ 10.16821, 61.540696 ], [ 10.168211, 61.540704 ], [ 10.168212, 61.540717 ], [ 10.168212, 61.540728 ], [ 10.168202, 61.54074 ], [ 10.168194, 61.54075 ], [ 10.168186, 61.540759 ], [ 10.168181, 61.540764 ], [ 10.168173, 61.540769 ], [ 10.168175, 61.540779 ], [ 10.168164, 61.54079 ], [ 10.168161, 61.540795 ], [ 10.168156, 61.5408 ], [ 10.168156, 61.5408 ], [ 10.168143, 61.540818 ], [ 10.168135, 61.540844 ], [ 10.168143, 61.540872 ], [ 10.168138, 61.540887 ], [ 10.16813, 61.540974 ], [ 10.168128, 61.54102 ], [ 10.168131, 61.541074 ], [ 10.168122, 61.541103 ], [ 10.168117, 61.541163 ], [ 10.16809, 61.541223 ], [ 10.168085, 61.541254 ], [ 10.168093, 61.541281 ], [ 10.168085, 61.541299 ], [ 10.168069, 61.541323 ], [ 10.168057, 61.541351 ], [ 10.168049, 61.541371 ], [ 10.168043, 61.541396 ], [ 10.168038, 61.541416 ], [ 10.168028, 61.541435 ], [ 10.168019, 61.541473 ], [ 10.168023, 61.54149 ], [ 10.168019, 61.54151 ], [ 10.168013, 61.541551 ], [ 10.168015, 61.541568 ], [ 10.16801, 61.541595 ], [ 10.16802, 61.541677 ], [ 10.168032, 61.541769 ], [ 10.168036, 61.541799 ], [ 10.168057, 61.541946 ], [ 10.168074, 61.542022 ], [ 10.168131, 61.542121 ], [ 10.168149, 61.542153 ], [ 10.168153, 61.542185 ], [ 10.168162, 61.542221 ], [ 10.16817, 61.542249 ], [ 10.168205, 61.542354 ], [ 10.168196, 61.542386 ], [ 10.168207, 61.542484 ], [ 10.168209, 61.54251 ], [ 10.168203, 61.54254 ], [ 10.168194, 61.542632 ], [ 10.16819, 61.54266 ], [ 10.168184, 61.542687 ], [ 10.168184, 61.542711 ], [ 10.168181, 61.54276 ], [ 10.168173, 61.542788 ], [ 10.168147, 61.542845 ], [ 10.168141, 61.542871 ], [ 10.168135, 61.542899 ], [ 10.16813, 61.542924 ], [ 10.168119, 61.542952 ], [ 10.168115, 61.542975 ], [ 10.168105, 61.542998 ], [ 10.168094, 61.54302 ], [ 10.16808, 61.543045 ], [ 10.168074, 61.543074 ], [ 10.168064, 61.543109 ], [ 10.168052, 61.543142 ], [ 10.168041, 61.543176 ], [ 10.168027, 61.543209 ], [ 10.168026, 61.543247 ], [ 10.168033, 61.543289 ], [ 10.168048, 61.54333 ], [ 10.168052, 61.543367 ], [ 10.168044, 61.543405 ], [ 10.16804, 61.543435 ], [ 10.168048, 61.543462 ], [ 10.168071, 61.543523 ], [ 10.168094, 61.543659 ], [ 10.168096, 61.543729 ], [ 10.168108, 61.543762 ], [ 10.168116, 61.543794 ], [ 10.168114, 61.543859 ], [ 10.168121, 61.543885 ], [ 10.168121, 61.543903 ], [ 10.168131, 61.543943 ], [ 10.168139, 61.543965 ], [ 10.168166, 61.544071 ], [ 10.168177, 61.544095 ], [ 10.16819, 61.544118 ], [ 10.168208, 61.544288 ], [ 10.168208, 61.544349 ], [ 10.168212, 61.544377 ], [ 10.168199, 61.544473 ], [ 10.168179, 61.544594 ], [ 10.168172, 61.544633 ], [ 10.168187, 61.544671 ], [ 10.168202, 61.544703 ], [ 10.168254, 61.544875 ], [ 10.168271, 61.544919 ], [ 10.168309, 61.545005 ], [ 10.16832, 61.545034 ], [ 10.168343, 61.545061 ], [ 10.168353, 61.545086 ], [ 10.168371, 61.5451 ], [ 10.168365, 61.545098 ], [ 10.168365, 61.545098 ], [ 10.168365, 61.545098 ], [ 10.168365, 61.545098 ], [ 10.168365, 61.545098 ], [ 10.168365, 61.545098 ], [ 10.168365, 61.545098 ], [ 10.168365, 61.545098 ], [ 10.168365, 61.545098 ], [ 10.168365, 61.545098 ], [ 10.168365, 61.545098 ], [ 10.168365, 61.545098 ], [ 10.168365, 61.545098 ], [ 10.168365, 61.545098 ], [ 10.168365, 61.545098 ], [ 10.168365, 61.545098 ], [ 10.168365, 61.545098 ], [ 10.168365, 61.545098 ], [ 10.168365, 61.545098 ], [ 10.168365, 61.545098 ], [ 10.168365, 61.545098 ], [ 10.168365, 61.545098 ], [ 10.168365, 61.545098 ], [ 10.168375, 61.545111 ], [ 10.168378, 61.545112 ], [ 10.168419, 61.545142 ], [ 10.168414, 61.545154 ], [ 10.168392, 61.54516 ], [ 10.168337, 61.545153 ], [ 10.168286, 61.545153 ], [ 10.168121, 61.545147 ], [ 10.168016, 61.545137 ], [ 10.16794, 61.54513 ], [ 10.167869, 61.545133 ], [ 10.167803, 61.54514 ], [ 10.167741, 61.545125 ], [ 10.167677, 61.545117 ], [ 10.167516, 61.545107 ], [ 10.167434, 61.545102 ], [ 10.16736, 61.545101 ], [ 10.167294, 61.545108 ], [ 10.167234, 61.545112 ], [ 10.167176, 61.545105 ], [ 10.167113, 61.545096 ], [ 10.167056, 61.545078 ], [ 10.166982, 61.54507 ], [ 10.166909, 61.545072 ], [ 10.166853, 61.54508 ], [ 10.166799, 61.545083 ], [ 10.166752, 61.545067 ], [ 10.166723, 61.545046 ], [ 10.166682, 61.545032 ], [ 10.166623, 61.545024 ], [ 10.166587, 61.545031 ], [ 10.166543, 61.545035 ], [ 10.166422, 61.545036 ], [ 10.166376, 61.545023 ], [ 10.166337, 61.545011 ], [ 10.166301, 61.545 ], [ 10.166289, 61.544982 ], [ 10.166277, 61.544962 ], [ 10.166263, 61.54495 ], [ 10.166243, 61.544937 ], [ 10.166215, 61.54491 ], [ 10.166217, 61.544891 ], [ 10.166223, 61.544868 ], [ 10.166219, 61.544844 ], [ 10.166211, 61.544823 ], [ 10.1662, 61.544803 ], [ 10.166192, 61.544757 ], [ 10.166196, 61.544721 ], [ 10.166215, 61.544663 ], [ 10.16621, 61.544632 ], [ 10.166221, 61.544605 ], [ 10.166223, 61.544498 ], [ 10.166242, 61.544427 ], [ 10.166247, 61.544347 ], [ 10.166251, 61.544306 ], [ 10.166246, 61.544275 ], [ 10.166259, 61.544255 ], [ 10.166267, 61.544242 ], [ 10.166272, 61.544228 ], [ 10.16626, 61.544223 ], [ 10.166253, 61.544209 ], [ 10.166254, 61.544197 ], [ 10.166258, 61.544158 ], [ 10.166256, 61.544126 ], [ 10.166222, 61.544047 ], [ 10.166211, 61.54401 ], [ 10.166197, 61.543968 ], [ 10.166189, 61.543938 ], [ 10.166167, 61.543913 ], [ 10.16616, 61.54389 ], [ 10.166149, 61.543869 ], [ 10.166115, 61.543851 ], [ 10.166058, 61.543844 ], [ 10.166001, 61.543824 ], [ 10.165982, 61.5438 ], [ 10.165913, 61.543757 ], [ 10.165885, 61.543739 ], [ 10.165868, 61.543727 ], [ 10.165852, 61.543717 ], [ 10.165834, 61.543701 ], [ 10.165792, 61.54369 ], [ 10.165749, 61.543681 ], [ 10.165711, 61.543665 ], [ 10.165691, 61.543641 ], [ 10.165663, 61.543618 ], [ 10.165628, 61.543607 ], [ 10.165613, 61.543593 ], [ 10.165596, 61.543577 ], [ 10.165591, 61.543559 ], [ 10.165567, 61.543534 ], [ 10.165505, 61.543487 ], [ 10.165459, 61.543436 ], [ 10.165452, 61.543411 ], [ 10.165448, 61.543388 ], [ 10.165446, 61.543356 ], [ 10.16539, 61.543273 ], [ 10.165351, 61.543246 ], [ 10.165339, 61.543222 ], [ 10.165328, 61.543203 ], [ 10.16532, 61.543182 ], [ 10.165302, 61.543157 ], [ 10.165281, 61.543104 ], [ 10.165266, 61.543081 ], [ 10.16526, 61.543027 ], [ 10.165251, 61.543004 ], [ 10.165242, 61.542979 ], [ 10.165243, 61.54296 ], [ 10.165233, 61.542934 ], [ 10.165196, 61.542903 ], [ 10.165171, 61.542882 ], [ 10.165164, 61.542866 ], [ 10.165155, 61.542843 ], [ 10.165141, 61.542825 ], [ 10.165145, 61.542811 ], [ 10.165151, 61.5428 ], [ 10.165173, 61.542774 ], [ 10.165153, 61.542723 ], [ 10.165147, 61.542714 ], [ 10.165108, 61.542677 ], [ 10.165094, 61.54267 ], [ 10.165089, 61.542665 ], [ 10.165078, 61.542657 ], [ 10.165073, 61.542652 ], [ 10.165074, 61.542647 ], [ 10.165072, 61.542643 ], [ 10.165066, 61.542641 ], [ 10.165066, 61.54264 ], [ 10.165053, 61.542627 ], [ 10.165038, 61.542617 ], [ 10.165011, 61.542596 ], [ 10.164992, 61.542589 ], [ 10.164975, 61.542582 ], [ 10.164962, 61.542573 ], [ 10.164928, 61.542563 ], [ 10.164922, 61.542559 ], [ 10.164907, 61.542558 ], [ 10.164894, 61.542558 ], [ 10.164881, 61.542555 ], [ 10.164875, 61.542553 ], [ 10.164859, 61.542548 ], [ 10.16484, 61.542543 ], [ 10.164824, 61.542536 ], [ 10.164811, 61.542532 ], [ 10.164803, 61.542529 ], [ 10.1648, 61.542525 ], [ 10.164773, 61.542498 ], [ 10.164776, 61.542498 ], [ 10.164696, 61.542474 ], [ 10.164665, 61.542471 ], [ 10.164649, 61.542464 ], [ 10.164615, 61.542455 ], [ 10.164593, 61.542442 ], [ 10.16457, 61.542428 ], [ 10.164569, 61.542424 ], [ 10.164558, 61.542417 ], [ 10.164521, 61.542404 ], [ 10.164516, 61.542399 ], [ 10.164516, 61.542397 ], [ 10.164516, 61.542397 ], [ 10.16449, 61.542375 ], [ 10.164482, 61.542368 ], [ 10.164428, 61.542354 ], [ 10.164399, 61.542354 ], [ 10.16437, 61.542348 ], [ 10.164352, 61.542338 ], [ 10.164302, 61.542318 ], [ 10.164277, 61.542311 ], [ 10.164236, 61.542282 ], [ 10.164221, 61.542263 ], [ 10.164203, 61.542242 ], [ 10.164186, 61.542224 ], [ 10.16416, 61.542211 ], [ 10.164133, 61.542188 ], [ 10.164076, 61.542153 ], [ 10.164065, 61.542133 ], [ 10.164054, 61.542118 ], [ 10.164034, 61.542106 ], [ 10.164014, 61.542094 ], [ 10.164, 61.542065 ], [ 10.164, 61.542064 ], [ 10.163967, 61.542028 ], [ 10.163964, 61.542011 ], [ 10.163933, 61.541995 ], [ 10.163888, 61.541977 ], [ 10.16385, 61.541963 ], [ 10.163834, 61.541946 ], [ 10.163834, 61.541933 ], [ 10.163824, 61.541922 ], [ 10.1638, 61.541909 ], [ 10.163764, 61.541876 ], [ 10.163763, 61.541859 ], [ 10.163765, 61.541848 ], [ 10.163761, 61.541831 ], [ 10.16372, 61.541775 ], [ 10.163699, 61.541762 ], [ 10.163682, 61.541751 ], [ 10.163653, 61.541732 ], [ 10.163642, 61.541718 ], [ 10.163634, 61.541713 ], [ 10.163619, 61.541704 ], [ 10.163608, 61.541696 ], [ 10.16361, 61.541688 ], [ 10.16361, 61.541688 ], [ 10.16361, 61.541688 ], [ 10.16361, 61.541688 ], [ 10.16361, 61.541688 ], [ 10.163588, 61.541675 ], [ 10.163588, 61.541675 ], [ 10.16358, 61.541674 ], [ 10.16355, 61.541672 ], [ 10.163503, 61.541674 ], [ 10.163496, 61.541672 ], [ 10.163477, 61.541678 ], [ 10.163475, 61.541682 ], [ 10.163452, 61.541706 ], [ 10.163427, 61.541712 ], [ 10.163408, 61.541717 ], [ 10.163379, 61.541725 ], [ 10.163291, 61.541748 ], [ 10.163192, 61.541792 ], [ 10.163141, 61.541804 ], [ 10.163085, 61.541816 ], [ 10.16304, 61.541832 ], [ 10.162961, 61.541863 ], [ 10.162934, 61.541869 ], [ 10.162919, 61.541872 ], [ 10.1629, 61.541872 ], [ 10.162861, 61.541866 ], [ 10.162806, 61.541857 ], [ 10.162775, 61.541847 ], [ 10.16273, 61.541834 ], [ 10.162693, 61.541827 ], [ 10.16268, 61.541824 ], [ 10.16268, 61.541824 ], [ 10.162606, 61.541819 ], [ 10.162568, 61.541828 ], [ 10.162539, 61.541841 ], [ 10.162508, 61.541846 ], [ 10.16247, 61.541844 ], [ 10.162432, 61.54184 ], [ 10.162387, 61.541835 ], [ 10.162343, 61.541819 ], [ 10.162246, 61.541811 ], [ 10.162174, 61.541812 ], [ 10.162122, 61.541806 ], [ 10.162044, 61.541809 ], [ 10.16196, 61.541804 ], [ 10.161866, 61.541801 ], [ 10.161677, 61.54179 ], [ 10.161583, 61.541785 ], [ 10.161502, 61.541779 ], [ 10.161351, 61.541762 ], [ 10.161287, 61.541753 ], [ 10.161219, 61.541759 ], [ 10.16116, 61.541775 ], [ 10.161103, 61.541774 ], [ 10.161062, 61.541763 ], [ 10.161017, 61.541748 ], [ 10.160972, 61.541734 ], [ 10.160928, 61.541724 ], [ 10.160858, 61.541723 ], [ 10.16081, 61.541714 ], [ 10.160763, 61.541707 ], [ 10.160719, 61.5417 ], [ 10.160665, 61.541702 ], [ 10.16062, 61.54172 ], [ 10.160596, 61.541742 ], [ 10.160562, 61.54175 ], [ 10.160561, 61.541754 ], [ 10.160554, 61.54176 ], [ 10.160522, 61.541772 ], [ 10.16048, 61.541772 ], [ 10.160372, 61.541781 ], [ 10.16033, 61.541774 ], [ 10.160284, 61.541766 ], [ 10.160239, 61.541757 ], [ 10.160184, 61.541747 ], [ 10.160161, 61.541729 ], [ 10.160115, 61.541718 ], [ 10.160085, 61.541696 ], [ 10.160028, 61.541677 ], [ 10.159977, 61.541674 ], [ 10.159932, 61.54169 ], [ 10.159918, 61.5417 ], [ 10.159902, 61.541701 ], [ 10.159858, 61.541701 ], [ 10.159827, 61.541703 ], [ 10.159794, 61.541701 ], [ 10.159749, 61.541691 ], [ 10.15973, 61.541679 ], [ 10.159696, 61.541672 ], [ 10.159656, 61.541673 ], [ 10.159587, 61.541668 ], [ 10.159539, 61.541673 ], [ 10.159504, 61.54168 ], [ 10.159459, 61.541688 ], [ 10.159424, 61.541689 ], [ 10.159336, 61.541687 ], [ 10.159285, 61.541698 ], [ 10.159241, 61.541713 ], [ 10.159192, 61.541731 ], [ 10.159152, 61.541752 ], [ 10.159129, 61.541767 ], [ 10.159079, 61.541782 ], [ 10.158982, 61.541813 ], [ 10.158918, 61.541827 ], [ 10.158858, 61.541832 ], [ 10.158819, 61.54184 ], [ 10.15879, 61.541851 ], [ 10.158714, 61.541888 ], [ 10.158658, 61.541909 ], [ 10.158583, 61.541922 ], [ 10.158518, 61.541942 ], [ 10.158446, 61.541949 ], [ 10.158377, 61.541961 ], [ 10.15833, 61.541987 ], [ 10.158295, 61.54201 ], [ 10.158257, 61.54203 ], [ 10.15821, 61.542044 ], [ 10.158152, 61.542063 ], [ 10.157993, 61.542141 ], [ 10.157932, 61.542145 ], [ 10.157879, 61.542139 ], [ 10.157838, 61.542121 ], [ 10.157833, 61.542101 ], [ 10.157821, 61.542076 ], [ 10.157813, 61.542057 ], [ 10.157819, 61.542028 ], [ 10.157817, 61.542007 ], [ 10.157806, 61.541981 ], [ 10.157803, 61.541949 ], [ 10.157776, 61.541899 ], [ 10.157751, 61.541868 ], [ 10.157694, 61.541768 ], [ 10.15769, 61.541736 ], [ 10.157672, 61.541703 ], [ 10.157628, 61.541682 ], [ 10.15758, 61.541674 ], [ 10.15754, 61.541668 ], [ 10.157509, 61.541659 ], [ 10.157464, 61.541653 ], [ 10.15742, 61.541637 ], [ 10.157401, 61.541628 ], [ 10.157371, 61.541611 ], [ 10.157352, 61.541601 ], [ 10.157324, 61.541601 ], [ 10.157285, 61.541605 ], [ 10.157241, 61.541601 ], [ 10.157148, 61.541602 ], [ 10.157103, 61.541619 ], [ 10.157054, 61.541634 ], [ 10.157014, 61.541628 ], [ 10.156996, 61.541621 ], [ 10.156965, 61.541606 ], [ 10.156839, 61.541543 ], [ 10.156822, 61.541518 ], [ 10.156776, 61.541503 ], [ 10.156735, 61.541489 ], [ 10.1567, 61.541481 ], [ 10.156648, 61.541472 ], [ 10.156602, 61.541467 ], [ 10.15655, 61.541464 ], [ 10.156517, 61.541456 ], [ 10.156462, 61.54146 ], [ 10.15643, 61.541476 ], [ 10.156402, 61.541483 ], [ 10.156345, 61.5415 ], [ 10.156321, 61.5415 ], [ 10.156254, 61.541479 ], [ 10.156217, 61.541458 ], [ 10.1562, 61.541431 ], [ 10.156189, 61.541408 ], [ 10.15618, 61.541389 ], [ 10.156185, 61.541379 ], [ 10.156191, 61.541379 ], [ 10.156191, 61.541379 ], [ 10.156191, 61.541379 ], [ 10.156192, 61.541378 ], [ 10.156191, 61.541379 ], [ 10.156191, 61.541379 ], [ 10.156191, 61.541379 ], [ 10.156191, 61.541379 ], [ 10.156191, 61.541379 ], [ 10.156191, 61.541379 ], [ 10.156192, 61.541336 ], [ 10.156194, 61.541308 ], [ 10.156169, 61.541286 ], [ 10.156137, 61.541278 ], [ 10.156091, 61.541275 ], [ 10.156042, 61.541274 ], [ 10.156022, 61.541267 ], [ 10.156001, 61.541255 ], [ 10.155965, 61.541245 ], [ 10.155919, 61.541242 ], [ 10.155872, 61.541236 ], [ 10.155823, 61.541233 ], [ 10.155786, 61.541239 ], [ 10.155753, 61.54125 ], [ 10.155712, 61.541254 ], [ 10.155607, 61.541246 ], [ 10.155562, 61.541236 ], [ 10.155505, 61.54123 ], [ 10.155455, 61.54123 ], [ 10.155417, 61.541229 ], [ 10.155385, 61.541223 ], [ 10.155358, 61.541222 ], [ 10.15533, 61.541223 ], [ 10.155298, 61.541225 ], [ 10.155263, 61.541234 ], [ 10.155232, 61.541244 ], [ 10.155176, 61.541258 ], [ 10.155115, 61.541255 ], [ 10.155067, 61.541258 ], [ 10.155022, 61.541264 ], [ 10.154978, 61.541275 ], [ 10.154921, 61.541287 ], [ 10.154852, 61.541294 ], [ 10.154802, 61.541301 ], [ 10.154758, 61.541315 ], [ 10.154682, 61.54135 ], [ 10.154649, 61.541361 ], [ 10.154621, 61.541365 ], [ 10.154585, 61.541365 ], [ 10.154515, 61.541355 ], [ 10.15446, 61.541344 ], [ 10.154398, 61.541339 ], [ 10.154358, 61.541329 ], [ 10.15434, 61.541316 ], [ 10.154345, 61.541297 ], [ 10.154331, 61.541272 ], [ 10.154282, 61.541265 ], [ 10.154256, 61.541262 ], [ 10.154224, 61.541246 ], [ 10.154171, 61.541229 ], [ 10.154118, 61.541212 ], [ 10.154088, 61.541191 ], [ 10.154032, 61.541156 ], [ 10.153968, 61.541136 ], [ 10.153892, 61.541135 ], [ 10.153798, 61.541117 ], [ 10.153716, 61.541116 ], [ 10.153635, 61.541103 ], [ 10.153574, 61.541083 ], [ 10.15353, 61.54106 ], [ 10.15352, 61.541032 ], [ 10.153501, 61.541013 ], [ 10.153473, 61.540991 ], [ 10.153436, 61.540974 ], [ 10.153393, 61.54096 ], [ 10.153333, 61.540924 ], [ 10.153269, 61.540891 ], [ 10.153201, 61.540852 ], [ 10.153118, 61.54082 ], [ 10.153035, 61.54078 ], [ 10.152956, 61.54074 ], [ 10.152854, 61.540717 ], [ 10.15276, 61.540701 ], [ 10.15267, 61.540688 ], [ 10.152555, 61.540683 ], [ 10.152454, 61.540694 ], [ 10.15236, 61.540702 ], [ 10.152269, 61.540693 ], [ 10.152176, 61.54067 ], [ 10.152086, 61.540634 ], [ 10.151995, 61.540607 ], [ 10.1519, 61.540595 ], [ 10.151821, 61.540577 ], [ 10.151737, 61.540549 ], [ 10.151695, 61.54052 ], [ 10.151682, 61.5405 ], [ 10.151653, 61.540474 ], [ 10.151645, 61.540452 ], [ 10.15163, 61.540421 ], [ 10.151611, 61.540396 ], [ 10.151618, 61.540369 ], [ 10.151605, 61.54034 ], [ 10.151596, 61.540305 ], [ 10.151611, 61.54027 ], [ 10.151633, 61.540241 ], [ 10.151656, 61.540215 ], [ 10.151667, 61.540185 ], [ 10.151667, 61.540163 ], [ 10.151651, 61.540142 ], [ 10.151638, 61.540108 ], [ 10.151628, 61.540086 ], [ 10.151641, 61.540063 ], [ 10.151635, 61.540039 ], [ 10.151648, 61.540017 ], [ 10.151659, 61.539998 ], [ 10.151664, 61.539982 ], [ 10.151673, 61.539965 ], [ 10.151682, 61.539953 ], [ 10.151682, 61.539953 ], [ 10.151678, 61.539917 ], [ 10.151707, 61.539862 ], [ 10.151708, 61.539839 ], [ 10.151661, 61.539798 ], [ 10.151589, 61.539792 ], [ 10.151513, 61.539787 ], [ 10.151463, 61.539775 ], [ 10.151414, 61.539757 ], [ 10.151337, 61.539739 ], [ 10.151263, 61.539724 ], [ 10.151195, 61.539721 ], [ 10.151136, 61.539729 ], [ 10.151077, 61.539738 ], [ 10.151005, 61.539752 ], [ 10.15094, 61.53977 ], [ 10.150877, 61.539788 ], [ 10.150809, 61.539803 ], [ 10.150752, 61.539805 ], [ 10.150697, 61.539789 ], [ 10.150572, 61.539743 ], [ 10.150504, 61.539732 ], [ 10.150445, 61.53972 ], [ 10.150359, 61.539715 ], [ 10.150249, 61.539721 ], [ 10.150146, 61.539748 ], [ 10.150068, 61.53978 ], [ 10.15004, 61.539817 ], [ 10.15002, 61.539844 ], [ 10.149999, 61.539867 ], [ 10.14999, 61.539877 ], [ 10.149991, 61.53988 ], [ 10.149988, 61.53988 ], [ 10.149985, 61.53988 ], [ 10.149963, 61.539907 ], [ 10.149952, 61.539915 ], [ 10.149951, 61.539916 ], [ 10.149945, 61.539921 ], [ 10.149939, 61.539926 ], [ 10.149933, 61.53993 ], [ 10.149878, 61.539966 ], [ 10.149856, 61.539981 ], [ 10.149842, 61.539981 ], [ 10.149812, 61.539976 ], [ 10.149775, 61.539973 ], [ 10.149748, 61.539974 ], [ 10.149713, 61.539975 ], [ 10.149666, 61.539973 ], [ 10.149567, 61.539964 ], [ 10.1495, 61.539958 ], [ 10.14939, 61.539972 ], [ 10.149288, 61.540003 ], [ 10.149206, 61.540043 ], [ 10.149162, 61.54008 ], [ 10.149147, 61.540106 ], [ 10.149149, 61.540125 ], [ 10.149147, 61.540146 ], [ 10.149153, 61.540166 ], [ 10.149158, 61.540181 ], [ 10.149164, 61.540202 ], [ 10.149184, 61.54022 ], [ 10.149197, 61.540236 ], [ 10.14923, 61.540271 ], [ 10.149245, 61.540287 ], [ 10.149326, 61.540359 ], [ 10.149346, 61.540375 ], [ 10.149362, 61.540393 ], [ 10.149393, 61.540431 ], [ 10.14944, 61.540491 ], [ 10.14945, 61.54051 ], [ 10.149458, 61.540527 ], [ 10.149475, 61.540553 ], [ 10.149482, 61.540566 ], [ 10.149488, 61.540582 ], [ 10.14949, 61.540598 ], [ 10.149489, 61.540615 ], [ 10.149488, 61.54063 ], [ 10.149486, 61.540644 ], [ 10.149479, 61.540658 ], [ 10.149474, 61.540674 ], [ 10.14947, 61.540691 ], [ 10.149467, 61.540707 ], [ 10.149459, 61.540724 ], [ 10.149445, 61.540742 ], [ 10.149434, 61.540758 ], [ 10.149419, 61.540774 ], [ 10.149407, 61.540793 ], [ 10.149398, 61.540809 ], [ 10.149391, 61.540826 ], [ 10.149385, 61.540841 ], [ 10.149377, 61.540857 ], [ 10.14936, 61.540872 ], [ 10.149345, 61.540887 ], [ 10.149336, 61.540904 ], [ 10.149327, 61.54092 ], [ 10.149318, 61.540936 ], [ 10.149307, 61.540951 ], [ 10.149297, 61.540968 ], [ 10.149288, 61.540985 ], [ 10.149281, 61.541001 ], [ 10.14928, 61.541019 ], [ 10.149274, 61.541041 ], [ 10.149264, 61.541059 ], [ 10.149253, 61.541078 ], [ 10.149248, 61.541096 ], [ 10.149239, 61.541114 ], [ 10.149232, 61.541132 ], [ 10.149232, 61.541145 ], [ 10.149234, 61.541163 ], [ 10.149235, 61.541181 ], [ 10.14924, 61.541197 ], [ 10.149254, 61.541212 ], [ 10.149257, 61.541227 ], [ 10.149255, 61.54124 ], [ 10.149239, 61.541256 ], [ 10.149212, 61.541261 ], [ 10.149192, 61.541256 ], [ 10.149185, 61.541252 ], [ 10.149181, 61.541245 ], [ 10.14918, 61.541242 ], [ 10.14918, 61.541242 ], [ 10.14918, 61.541242 ], [ 10.14918, 61.541242 ], [ 10.149199, 61.541238 ], [ 10.149206, 61.541229 ], [ 10.149231, 61.541175 ], [ 10.149252, 61.541152 ], [ 10.14925, 61.541133 ], [ 10.149232, 61.541123 ], [ 10.149203, 61.541122 ], [ 10.149049, 61.541113 ], [ 10.148992, 61.54111 ], [ 10.148937, 61.541105 ], [ 10.148887, 61.541102 ], [ 10.148855, 61.541095 ], [ 10.148817, 61.541084 ], [ 10.148785, 61.541072 ], [ 10.148761, 61.541057 ], [ 10.148739, 61.541045 ], [ 10.148672, 61.541015 ], [ 10.14864, 61.54101 ], [ 10.14862, 61.541012 ], [ 10.148612, 61.54101 ], [ 10.148595, 61.541006 ], [ 10.148593, 61.541001 ], [ 10.148571, 61.540994 ], [ 10.148518, 61.540998 ], [ 10.148507, 61.540997 ], [ 10.148494, 61.540994 ], [ 10.148478, 61.540993 ], [ 10.148464, 61.540989 ], [ 10.14845, 61.540988 ], [ 10.14844, 61.540985 ], [ 10.14844, 61.540985 ], [ 10.148409, 61.540977 ], [ 10.148377, 61.540968 ], [ 10.148382, 61.540964 ], [ 10.148376, 61.540958 ], [ 10.148342, 61.540941 ], [ 10.148309, 61.540934 ], [ 10.148233, 61.54093 ], [ 10.148184, 61.540917 ], [ 10.148144, 61.540914 ], [ 10.148097, 61.540923 ], [ 10.14805, 61.540931 ], [ 10.147951, 61.54095 ], [ 10.147904, 61.540959 ], [ 10.147856, 61.540966 ], [ 10.147804, 61.540983 ], [ 10.147751, 61.540988 ], [ 10.147724, 61.540981 ], [ 10.147712, 61.540971 ], [ 10.147685, 61.540927 ], [ 10.147664, 61.540907 ], [ 10.147642, 61.540885 ], [ 10.147611, 61.540858 ], [ 10.147578, 61.540832 ], [ 10.147549, 61.540811 ], [ 10.147503, 61.540789 ], [ 10.147454, 61.540784 ], [ 10.14741, 61.540779 ], [ 10.147362, 61.54077 ], [ 10.147326, 61.540755 ], [ 10.147286, 61.54074 ], [ 10.147228, 61.540736 ], [ 10.14714, 61.540698 ], [ 10.147012, 61.540673 ], [ 10.146943, 61.540665 ], [ 10.146862, 61.540649 ], [ 10.146801, 61.540653 ], [ 10.146729, 61.540644 ], [ 10.146658, 61.540637 ], [ 10.146607, 61.540629 ], [ 10.146536, 61.540647 ], [ 10.146468, 61.54067 ], [ 10.146372, 61.540694 ], [ 10.146272, 61.540709 ], [ 10.146182, 61.540719 ], [ 10.14609, 61.540722 ], [ 10.146005, 61.540713 ], [ 10.145937, 61.540703 ], [ 10.145878, 61.54069 ], [ 10.145824, 61.540676 ], [ 10.145771, 61.540671 ], [ 10.145709, 61.540669 ], [ 10.145663, 61.540659 ], [ 10.145624, 61.540643 ], [ 10.145594, 61.540632 ], [ 10.14557, 61.540626 ], [ 10.145565, 61.540623 ], [ 10.145564, 61.540621 ], [ 10.145564, 61.540621 ], [ 10.145564, 61.540621 ], [ 10.145564, 61.540621 ], [ 10.145557, 61.540619 ], [ 10.14553, 61.540605 ], [ 10.145499, 61.540515 ], [ 10.145501, 61.540486 ], [ 10.145511, 61.54046 ], [ 10.145527, 61.540434 ], [ 10.145568, 61.540352 ], [ 10.145587, 61.540323 ], [ 10.145607, 61.540289 ], [ 10.145747, 61.540155 ], [ 10.145896, 61.540099 ], [ 10.145977, 61.540075 ], [ 10.146049, 61.540048 ], [ 10.146109, 61.540014 ], [ 10.146165, 61.539982 ], [ 10.146218, 61.53995 ], [ 10.146264, 61.539912 ], [ 10.146301, 61.539875 ], [ 10.146379, 61.539795 ], [ 10.14644, 61.53972 ], [ 10.146473, 61.53969 ], [ 10.146498, 61.539659 ], [ 10.146512, 61.53963 ], [ 10.146535, 61.539606 ], [ 10.14656, 61.539582 ], [ 10.146588, 61.539558 ], [ 10.146647, 61.539478 ], [ 10.14667, 61.539453 ], [ 10.146692, 61.539428 ], [ 10.146717, 61.539405 ], [ 10.146741, 61.539383 ], [ 10.146858, 61.539283 ], [ 10.146903, 61.539258 ], [ 10.147187, 61.539069 ], [ 10.147227, 61.539036 ], [ 10.147268, 61.539005 ], [ 10.147307, 61.538976 ], [ 10.147344, 61.538946 ], [ 10.14738, 61.538917 ], [ 10.147416, 61.538889 ], [ 10.14745, 61.538861 ], [ 10.147481, 61.538834 ], [ 10.147514, 61.538808 ], [ 10.147552, 61.538781 ], [ 10.147587, 61.538757 ], [ 10.147621, 61.538734 ], [ 10.147793, 61.538645 ], [ 10.147846, 61.538625 ], [ 10.147898, 61.538608 ], [ 10.147946, 61.538589 ], [ 10.14799, 61.538569 ], [ 10.148063, 61.538519 ], [ 10.148091, 61.538493 ], [ 10.148113, 61.538467 ], [ 10.148136, 61.538441 ], [ 10.148155, 61.538416 ], [ 10.148172, 61.538392 ], [ 10.148192, 61.538372 ], [ 10.148219, 61.538353 ], [ 10.14825, 61.538333 ], [ 10.14828, 61.538315 ], [ 10.148308, 61.538298 ], [ 10.148344, 61.538282 ], [ 10.148385, 61.538265 ], [ 10.148423, 61.538247 ], [ 10.148466, 61.538228 ], [ 10.148506, 61.538207 ], [ 10.148544, 61.53819 ], [ 10.148584, 61.538171 ], [ 10.148623, 61.538153 ], [ 10.148661, 61.538135 ], [ 10.1487, 61.538115 ], [ 10.148742, 61.538097 ], [ 10.14878, 61.538079 ], [ 10.148818, 61.538062 ], [ 10.148858, 61.538045 ], [ 10.148898, 61.538026 ], [ 10.148932, 61.538007 ], [ 10.148967, 61.537985 ], [ 10.149001, 61.537962 ], [ 10.149046, 61.537945 ], [ 10.14909, 61.537928 ], [ 10.149119, 61.537908 ], [ 10.149151, 61.53789 ], [ 10.149181, 61.537872 ], [ 10.149212, 61.537852 ], [ 10.149241, 61.537833 ], [ 10.149263, 61.537815 ], [ 10.149289, 61.537797 ], [ 10.149312, 61.537779 ], [ 10.149338, 61.537757 ], [ 10.14936, 61.537734 ], [ 10.149381, 61.537709 ], [ 10.149399, 61.537685 ], [ 10.149416, 61.537661 ], [ 10.149436, 61.537636 ], [ 10.149449, 61.537614 ], [ 10.149454, 61.537593 ], [ 10.149466, 61.53757 ], [ 10.149484, 61.537549 ], [ 10.149498, 61.537525 ], [ 10.149516, 61.537506 ], [ 10.149535, 61.537484 ], [ 10.149551, 61.537463 ], [ 10.149559, 61.537442 ], [ 10.149567, 61.537422 ], [ 10.149572, 61.537401 ], [ 10.149576, 61.537375 ], [ 10.149569, 61.537342 ], [ 10.149553, 61.537306 ], [ 10.149531, 61.537271 ], [ 10.149505, 61.537235 ], [ 10.149483, 61.537195 ], [ 10.149463, 61.537159 ], [ 10.149454, 61.537129 ], [ 10.149449, 61.5371 ], [ 10.149453, 61.537076 ], [ 10.149451, 61.537051 ], [ 10.149439, 61.537033 ], [ 10.149426, 61.537017 ], [ 10.149418, 61.537007 ], [ 10.149416, 61.537003 ], [ 10.149416, 61.537003 ], [ 10.149416, 61.537003 ], [ 10.149416, 61.537003 ], [ 10.149416, 61.537003 ], [ 10.149422, 61.537 ], [ 10.149374, 61.536982 ], [ 10.149359, 61.536974 ], [ 10.149342, 61.536964 ], [ 10.149274, 61.536945 ], [ 10.149221, 61.53693 ], [ 10.149153, 61.536917 ], [ 10.148995, 61.536872 ], [ 10.148928, 61.536836 ], [ 10.148873, 61.536787 ], [ 10.148826, 61.536731 ], [ 10.148786, 61.536673 ], [ 10.14875, 61.536606 ], [ 10.148673, 61.536462 ], [ 10.148636, 61.536389 ], [ 10.148561, 61.536246 ], [ 10.148504, 61.536173 ], [ 10.148412, 61.536014 ], [ 10.148391, 61.535932 ], [ 10.14842, 61.535849 ], [ 10.148497, 61.535772 ], [ 10.148593, 61.535699 ], [ 10.148677, 61.535623 ], [ 10.148749, 61.535546 ], [ 10.148806, 61.535466 ], [ 10.14882, 61.53538 ], [ 10.14877, 61.535292 ], [ 10.148664, 61.535213 ], [ 10.148507, 61.535147 ], [ 10.148095, 61.535075 ], [ 10.147889, 61.535055 ], [ 10.147688, 61.535034 ], [ 10.147482, 61.535012 ], [ 10.147272, 61.534985 ], [ 10.147048, 61.534963 ], [ 10.14662, 61.534909 ], [ 10.146404, 61.534881 ], [ 10.146202, 61.534845 ], [ 10.146016, 61.534803 ], [ 10.145836, 61.53476 ], [ 10.145671, 61.53472 ], [ 10.145526, 61.534676 ], [ 10.145392, 61.534629 ], [ 10.145267, 61.534583 ], [ 10.145143, 61.534536 ], [ 10.145022, 61.534489 ], [ 10.144894, 61.534444 ], [ 10.144644, 61.534344 ], [ 10.144537, 61.534282 ], [ 10.14445, 61.534223 ], [ 10.144382, 61.534169 ], [ 10.144326, 61.534119 ], [ 10.144259, 61.53408 ], [ 10.144182, 61.534048 ], [ 10.144105, 61.534026 ], [ 10.144041, 61.534008 ], [ 10.143997, 61.533987 ], [ 10.143972, 61.533959 ], [ 10.143964, 61.533929 ], [ 10.143962, 61.533897 ], [ 10.143931, 61.533869 ], [ 10.143886, 61.533849 ], [ 10.143826, 61.53383 ], [ 10.143791, 61.533808 ], [ 10.143753, 61.533783 ], [ 10.143723, 61.533756 ], [ 10.143689, 61.533734 ], [ 10.143679, 61.533708 ], [ 10.143694, 61.533684 ], [ 10.143698, 61.533657 ], [ 10.143695, 61.533633 ], [ 10.143699, 61.533576 ], [ 10.143709, 61.533555 ], [ 10.143699, 61.533532 ], [ 10.1437, 61.533516 ], [ 10.143701, 61.533499 ], [ 10.143706, 61.533486 ], [ 10.14373, 61.533403 ], [ 10.143709, 61.533294 ], [ 10.143733, 61.533276 ], [ 10.143749, 61.533251 ], [ 10.143751, 61.533229 ], [ 10.143763, 61.533175 ], [ 10.143782, 61.533145 ], [ 10.143823, 61.53309 ], [ 10.143845, 61.533065 ], [ 10.143865, 61.53299 ], [ 10.14384, 61.532959 ], [ 10.143805, 61.532935 ], [ 10.143795, 61.532909 ], [ 10.143817, 61.532885 ], [ 10.143841, 61.53286 ], [ 10.143857, 61.532839 ], [ 10.143868, 61.532826 ], [ 10.143875, 61.532815 ], [ 10.143874, 61.532803 ], [ 10.143879, 61.532789 ], [ 10.14388, 61.532782 ], [ 10.143881, 61.532776 ], [ 10.143886, 61.532775 ], [ 10.143886, 61.532772 ], [ 10.143886, 61.532771 ], [ 10.143895, 61.532761 ], [ 10.143903, 61.532757 ], [ 10.143909, 61.53275 ], [ 10.14392, 61.532744 ], [ 10.143927, 61.532739 ], [ 10.143932, 61.532735 ], [ 10.143943, 61.532735 ], [ 10.143948, 61.532731 ], [ 10.143956, 61.532728 ], [ 10.143962, 61.532721 ], [ 10.143973, 61.532715 ], [ 10.143988, 61.532704 ], [ 10.14399, 61.532697 ], [ 10.143975, 61.532689 ], [ 10.143962, 61.532686 ], [ 10.143953, 61.532678 ], [ 10.143942, 61.53267 ], [ 10.143942, 61.532661 ], [ 10.143936, 61.532654 ], [ 10.14393, 61.532648 ], [ 10.143926, 61.532641 ], [ 10.143914, 61.532637 ], [ 10.143897, 61.532632 ], [ 10.143885, 61.532622 ], [ 10.143869, 61.532611 ], [ 10.143862, 61.532594 ], [ 10.143858, 61.532578 ], [ 10.143849, 61.532536 ], [ 10.143851, 61.532512 ], [ 10.143862, 61.532496 ], [ 10.143871, 61.532486 ], [ 10.143876, 61.532485 ], [ 10.143901, 61.532452 ], [ 10.143891, 61.532398 ], [ 10.143836, 61.532388 ], [ 10.143773, 61.532387 ], [ 10.143714, 61.532379 ], [ 10.143682, 61.532362 ], [ 10.143669, 61.532346 ], [ 10.143675, 61.532325 ], [ 10.143764, 61.532291 ], [ 10.143817, 61.532271 ], [ 10.143878, 61.53225 ], [ 10.143998, 61.532193 ], [ 10.144101, 61.532106 ], [ 10.144167, 61.532052 ], [ 10.144223, 61.53201 ], [ 10.144243, 61.531984 ], [ 10.144235, 61.531962 ], [ 10.144168, 61.531914 ], [ 10.144099, 61.531893 ], [ 10.144023, 61.531889 ], [ 10.143932, 61.531894 ], [ 10.143712, 61.531906 ], [ 10.143439, 61.531886 ], [ 10.1433, 61.531881 ], [ 10.143161, 61.531882 ], [ 10.143015, 61.531878 ], [ 10.142861, 61.531879 ], [ 10.142693, 61.531899 ], [ 10.142417, 61.531995 ], [ 10.14231, 61.532051 ], [ 10.142185, 61.53209 ], [ 10.14206, 61.532111 ], [ 10.141946, 61.532131 ], [ 10.141847, 61.532151 ], [ 10.14176, 61.532162 ], [ 10.141685, 61.532171 ], [ 10.141613, 61.532177 ], [ 10.141542, 61.532177 ], [ 10.141472, 61.532177 ], [ 10.141402, 61.532174 ], [ 10.141339, 61.532168 ], [ 10.141281, 61.53216 ], [ 10.14123, 61.532151 ], [ 10.14106, 61.532106 ], [ 10.141018, 61.532082 ], [ 10.140985, 61.532051 ], [ 10.140956, 61.532018 ], [ 10.140944, 61.531987 ], [ 10.140939, 61.531952 ], [ 10.140939, 61.531914 ], [ 10.140935, 61.531798 ], [ 10.140917, 61.53163 ], [ 10.140905, 61.531465 ], [ 10.140893, 61.531428 ], [ 10.140869, 61.531353 ], [ 10.14084, 61.53128 ], [ 10.140796, 61.531135 ], [ 10.140786, 61.531099 ], [ 10.140777, 61.531062 ], [ 10.140772, 61.531026 ], [ 10.140768, 61.530992 ], [ 10.140769, 61.530958 ], [ 10.140772, 61.530928 ], [ 10.140774, 61.5309 ], [ 10.140795, 61.530876 ], [ 10.140803, 61.530843 ], [ 10.140787, 61.530808 ], [ 10.140758, 61.530777 ], [ 10.14073, 61.530748 ], [ 10.140707, 61.530715 ], [ 10.140688, 61.53068 ], [ 10.140675, 61.530645 ], [ 10.140646, 61.530578 ], [ 10.140611, 61.530514 ], [ 10.140589, 61.530479 ], [ 10.140523, 61.530307 ], [ 10.140474, 61.530241 ], [ 10.140429, 61.53022 ], [ 10.140385, 61.530205 ], [ 10.140338, 61.530197 ], [ 10.140284, 61.530198 ], [ 10.140233, 61.530208 ], [ 10.140188, 61.530218 ], [ 10.140154, 61.530226 ], [ 10.140121, 61.530233 ], [ 10.140051, 61.530246 ], [ 10.140012, 61.530246 ], [ 10.139981, 61.530248 ], [ 10.139951, 61.530246 ], [ 10.13993, 61.530245 ], [ 10.139936, 61.530244 ], [ 10.139936, 61.530244 ], [ 10.139936, 61.530244 ], [ 10.139936, 61.530244 ], [ 10.139936, 61.530244 ], [ 10.139936, 61.530244 ], [ 10.139936, 61.530244 ], [ 10.139936, 61.530244 ], [ 10.139936, 61.530244 ], [ 10.139936, 61.530244 ], [ 10.139936, 61.530244 ], [ 10.139936, 61.530244 ], [ 10.139936, 61.530244 ], [ 10.139936, 61.530244 ], [ 10.139936, 61.530244 ], [ 10.139936, 61.530244 ], [ 10.139936, 61.530244 ], [ 10.139938, 61.530246 ], [ 10.139973, 61.530255 ], [ 10.139985, 61.530256 ], [ 10.139992, 61.530257 ], [ 10.139992, 61.530257 ], [ 10.139992, 61.530257 ], [ 10.139992, 61.530257 ], [ 10.139992, 61.530257 ], [ 10.139992, 61.530257 ], [ 10.140016, 61.530268 ], [ 10.140019, 61.530276 ], [ 10.140033, 61.530294 ], [ 10.14004, 61.530299 ], [ 10.140042, 61.530301 ], [ 10.140042, 61.530301 ], [ 10.140042, 61.530301 ], [ 10.140042, 61.530301 ], [ 10.140042, 61.530301 ] ] } }
]
}
